(0,0,0,0,0,0,0,0,2,0,4):ch2
(0,0,0,8,0,1,0,0,2,0,1):ch1
(0,0,0,8,0,1,0,1,2,0,1):ch1
(0,0,0,8,0,1,0,1,6,0,1):ch1
(0,0,0,8,0,1,0,2,2,0,1):ch1
(0,0,0,8,0,1,0,2,6,0,1):ch1
(0,0,0,8,0,1,1,2,2,0,1):ch1
(0,0,0,8,0,1,1,2,6,0,1):ch1
(0,0,0,8,0,1,2,2,2,0,1):ch1
(0,0,0,8,0,1,2,2,6,0,1):ch1
(0,0,1,8,0,1,0,0,2,0,1):ch1
(0,0,1,8,0,1,0,0,2,0,3):ch1
(0,0,1,8,0,1,0,0,6,0,1):ch1
(0,0,1,8,0,1,0,0,6,0,3):ch1
(0,0,1,8,0,1,0,1,2,0,1):ch1
(0,0,1,8,0,1,0,1,2,0,3):ch1
(0,0,1,8,0,1,0,1,6,0,1):ch1
(0,0,1,8,0,1,0,1,6,0,3):ch1
(0,0,1,8,0,1,0,2,2,0,1):ch1
(0,0,1,8,0,1,0,2,2,0,3):ch1
(0,0,1,8,0,1,0,2,6,0,1):ch1
(0,0,1,8,0,1,0,2,6,0,3):ch1
(0,0,1,8,0,1,1,0,2,0,1):ch1
(0,0,1,8,0,1,1,0,2,0,3):ch1
(0,0,1,8,0,1,1,0,6,0,1):ch1
(0,0,1,8,0,1,1,0,6,0,3):ch1
(0,0,1,8,0,1,1,1,2,0,1):ch1
(0,0,1,8,0,1,1,1,2,0,3):ch1
(0,0,1,8,0,1,1,1,6,0,1):ch1
(0,0,1,8,0,1,1,1,6,0,3):ch1
(0,0,1,8,0,1,1,2,2,0,1):ch1
(0,0,1,8,0,1,1,2,2,0,3):ch1
(0,0,1,8,0,1,1,2,6,0,1):ch1
(0,0,1,8,0,1,1,2,6,0,3):ch1
(0,0,1,8,0,1,2,0,2,0,1):ch1
(0,0,1,8,0,1,2,0,2,0,3):ch1
(0,0,1,8,0,1,2,0,6,0,1):ch1
(0,0,1,8,0,1,2,0,6,0,3):ch1
(0,0,1,8,0,1,2,1,2,0,1):ch1
(0,0,1,8,0,1,2,1,2,0,3):ch1
(0,0,1,8,0,1,2,1,6,0,1):ch1
(0,0,1,8,0,1,2,1,6,0,3):ch1
(0,0,1,8,0,1,2,2,2,0,1):ch1
(0,0,1,8,0,1,2,2,2,0,3):ch1
(0,0,1,8,0,1,2,2,6,0,1):ch1
(0,0,1,8,0,1,2,2,6,0,3):ch1
(0,0,5,8,0,1,0,0,2,0,1):ch1
(0,0,5,8,0,1,0,0,2,0,3):ch1
(0,0,5,8,0,1,0,0,4,0,1):ch1
(0,0,5,8,0,1,0,0,4,0,3):ch1
(0,0,5,8,0,1,0,0,6,0,1):ch1
(0,0,5,8,0,1,0,0,6,0,3):ch1
(0,0,5,8,0,1,0,1,2,0,1):ch1
(0,0,5,8,0,1,0,1,2,0,3):ch1
(0,0,5,8,0,1,0,1,4,0,1):ch1
(0,0,5,8,0,1,0,1,4,0,3):ch1
(0,0,5,8,0,1,0,1,6,0,1):ch1
(0,0,5,8,0,1,0,1,6,0,3):ch1
(0,0,5,8,0,1,0,2,2,0,1):ch1
(0,0,5,8,0,1,0,2,2,0,3):ch1
(0,0,5,8,0,1,0,2,4,0,1):ch1
(0,0,5,8,0,1,0,2,4,0,3):ch1
(0,0,5,8,0,1,0,2,6,0,1):ch1
(0,0,5,8,0,1,0,2,6,0,3):ch1
(0,0,5,8,0,1,1,0,2,0,1):ch1
(0,0,5,8,0,1,1,0,2,0,3):ch1
(0,0,5,8,0,1,1,0,4,0,1):ch1
(0,0,5,8,0,1,1,0,4,0,3):ch1
(0,0,5,8,0,1,1,0,6,0,1):ch1
(0,0,5,8,0,1,1,0,6,0,3):ch1
(0,0,5,8,0,1,1,1,2,0,1):ch1
(0,0,5,8,0,1,1,1,2,0,3):ch1
(0,0,5,8,0,1,1,1,4,0,1):ch1
(0,0,5,8,0,1,1,1,4,0,3):ch1
(0,0,5,8,0,1,1,1,6,0,1):ch1
(0,0,5,8,0,1,1,1,6,0,3):ch1
(0,0,5,8,0,1,1,2,2,0,1):ch1
(0,0,5,8,0,1,1,2,2,0,3):ch1
(0,0,5,8,0,1,1,2,4,0,1):ch1
(0,0,5,8,0,1,1,2,4,0,3):ch1
(0,0,5,8,0,1,1,2,6,0,1):ch1
(0,0,5,8,0,1,1,2,6,0,3):ch1
(0,0,5,8,0,1,2,0,2,0,1):ch1
(0,0,5,8,0,1,2,0,2,0,3):ch1
(0,0,5,8,0,1,2,0,4,0,1):ch1
(0,0,5,8,0,1,2,0,4,0,3):ch1
(0,0,5,8,0,1,2,0,6,0,1):ch1
(0,0,5,8,0,1,2,0,6,0,3):ch1
(0,0,5,8,0,1,2,1,2,0,1):ch1
(0,0,5,8,0,1,2,1,2,0,3):ch1
(0,0,5,8,0,1,2,1,4,0,1):ch1
(0,0,5,8,0,1,2,1,4,0,3):ch1
(0,0,5,8,0,1,2,1,6,0,1):ch1
(0,0,5,8,0,1,2,1,6,0,3):ch1
(0,0,5,8,0,1,2,2,2,0,1):ch1
(0,0,5,8,0,1,2,2,2,0,3):ch1
(0,0,5,8,0,1,2,2,4,0,1):ch1
(0,0,5,8,0,1,2,2,4,0,3):ch1
(0,0,5,8,0,1,2,2,6,0,1):ch1
(0,0,5,8,0,1,2,2,6,0,3):ch1
(0,20,0,2,1,0,0,0,2,0,0):ch2
(0,20,0,2,1,0,0,0,2,0,2):ch2
(0,20,0,2,1,0,0,0,2,0,3):ch2
(0,20,0,4,2,0,0,0,2,0,0):ch2
(0,20,0,4,2,0,0,0,2,0,2):ch2
(0,20,0,4,2,0,0,0,2,0,3):ch2
(0,20,0,4,2,0,0,1,2,0,0):ch2
(0,20,0,4,2,0,0,1,2,0,2):ch2
(0,20,0,4,2,0,0,1,2,0,3):ch2
(0,20,0,4,2,0,0,1,6,0,0):ch2
(0,20,0,4,2,0,0,1,6,0,2):ch2
(0,20,0,4,2,0,0,1,6,0,3):ch2
(0,20,0,4,2,0,0,2,2,0,0):ch2
(0,20,0,4,2,0,0,2,2,0,2):ch2
(0,20,0,4,2,0,0,2,2,0,3):ch2
(0,20,0,4,2,0,0,2,6,0,0):ch2
(0,20,0,4,2,0,0,2,6,0,2):ch2
(0,20,0,4,2,0,0,2,6,0,3):ch2
(0,20,0,4,2,0,1,2,2,0,0):ch2
(0,20,0,4,2,0,1,2,2,0,2):ch2
(0,20,0,4,2,0,1,2,2,0,3):ch2
(0,20,0,4,2,0,1,2,6,0,0):ch2
(0,20,0,4,2,0,1,2,6,0,2):ch2
(0,20,0,4,2,0,1,2,6,0,3):ch2
(0,20,0,4,2,0,2,2,2,0,0):ch2
(0,20,0,4,2,0,2,2,2,0,2):ch2
(0,20,0,4,2,0,2,2,2,0,3):ch2
(0,20,0,4,2,0,2,2,6,0,0):ch2
(0,20,0,4,2,0,2,2,6,0,2):ch2
(0,20,0,4,2,0,2,2,6,0,3):ch2
(0,20,0,6,3,0,0,0,2,0,0):ch1
(0,20,0,6,3,0,0,0,2,0,2):ch1
(0,20,0,6,3,0,0,0,2,0,3):ch1
(0,20,0,6,3,0,0,1,2,0,0):ch1
(0,20,0,6,3,0,0,1,2,0,2):ch1
(0,20,0,6,3,0,0,1,2,0,3):ch1
(0,20,0,6,3,0,0,1,6,0,0):ch1
(0,20,0,6,3,0,0,1,6,0,2):ch1
(0,20,0,6,3,0,0,1,6,0,3):ch1
(0,20,0,6,3,0,0,2,2,0,0):ch1
(0,20,0,6,3,0,0,2,2,0,2):ch1
(0,20,0,6,3,0,0,2,2,0,3):ch1
(0,20,0,6,3,0,0,2,6,0,0):ch1
(0,20,0,6,3,0,0,2,6,0,2):ch1
(0,20,0,6,3,0,0,2,6,0,3):ch1
(0,20,0,6,3,0,1,2,2,0,0):ch1
(0,20,0,6,3,0,1,2,2,0,2):ch1
(0,20,0,6,3,0,1,2,2,0,3):ch1
(0,20,0,6,3,0,1,2,6,0,0):ch1
(0,20,0,6,3,0,1,2,6,0,2):ch1
(0,20,0,6,3,0,1,2,6,0,3):ch1
(0,20,0,6,3,0,2,2,2,0,0):ch1
(0,20,0,6,3,0,2,2,2,0,2):ch1
(0,20,0,6,3,0,2,2,2,0,3):ch1
(0,20,0,6,3,0,2,2,6,0,0):ch1
(0,20,0,6,3,0,2,2,6,0,2):ch1
(0,20,0,6,3,0,2,2,6,0,3):ch1
(0,20,1,2,1,0,0,1,2,0,0):ch2
(0,20,1,2,1,0,0,1,2,0,1):ch2
(0,20,1,2,1,0,0,1,2,0,2):ch2
(0,20,1,2,1,0,0,1,2,0,3):ch2
(0,20,1,2,1,0,0,2,2,0,0):ch2
(0,20,1,2,1,0,0,2,2,0,1):ch2
(0,20,1,2,1,0,0,2,2,0,2):ch2
(0,20,1,2,1,0,0,2,2,0,3):ch2
(0,20,1,2,1,0,1,2,2,0,0):ch2
(0,20,1,2,1,0,1,2,2,0,1):ch2
(0,20,1,2,1,0,1,2,2,0,2):ch2
(0,20,1,2,1,0,1,2,2,0,3):ch2
(0,20,1,2,1,0,2,2,2,0,0):ch2
(0,20,1,2,1,0,2,2,2,0,1):ch2
(0,20,1,2,1,0,2,2,2,0,2):ch2
(0,20,1,2,1,0,2,2,2,0,3):ch2
(0,20,1,4,2,0,0,1,2,0,0):ch2
(0,20,1,4,2,0,0,1,2,0,1):ch2
(0,20,1,4,2,0,0,1,2,0,2):ch2
(0,20,1,4,2,0,0,1,2,0,3):ch2
(0,20,1,4,2,0,0,1,6,0,0):ch2
(0,20,1,4,2,0,0,1,6,0,1):ch2
(0,20,1,4,2,0,0,1,6,0,2):ch2
(0,20,1,4,2,0,0,1,6,0,3):ch2
(0,20,1,4,2,0,0,2,2,0,0):ch2
(0,20,1,4,2,0,0,2,2,0,1):ch2
(0,20,1,4,2,0,0,2,2,0,2):ch2
(0,20,1,4,2,0,0,2,2,0,3):ch2
(0,20,1,4,2,0,0,2,6,0,0):ch2
(0,20,1,4,2,0,0,2,6,0,1):ch2
(0,20,1,4,2,0,0,2,6,0,2):ch2
(0,20,1,4,2,0,0,2,6,0,3):ch2
(0,20,1,4,2,0,1,2,2,0,0):ch2
(0,20,1,4,2,0,1,2,2,0,1):ch2
(0,20,1,4,2,0,1,2,2,0,2):ch2
(0,20,1,4,2,0,1,2,2,0,3):ch2
(0,20,1,4,2,0,1,2,6,0,0):ch2
(0,20,1,4,2,0,1,2,6,0,1):ch2
(0,20,1,4,2,0,1,2,6,0,2):ch2
(0,20,1,4,2,0,1,2,6,0,3):ch2
(0,20,1,4,2,0,2,2,2,0,0):ch2
(0,20,1,4,2,0,2,2,2,0,1):ch2
(0,20,1,4,2,0,2,2,2,0,2):ch2
(0,20,1,4,2,0,2,2,2,0,3):ch2
(0,20,1,4,2,0,2,2,6,0,0):ch2
(0,20,1,4,2,0,2,2,6,0,1):ch2
(0,20,1,4,2,0,2,2,6,0,2):ch2
(0,20,1,4,2,0,2,2,6,0,3):ch2
(0,20,1,6,3,0,0,1,2,0,0):ch1
(0,20,1,6,3,0,0,1,2,0,1):ch1
(0,20,1,6,3,0,0,1,2,0,2):ch1
(0,20,1,6,3,0,0,1,2,0,3):ch1
(0,20,1,6,3,0,0,1,6,0,0):ch1
(0,20,1,6,3,0,0,1,6,0,1):ch1
(0,20,1,6,3,0,0,1,6,0,2):ch1
(0,20,1,6,3,0,0,1,6,0,3):ch1
(0,20,1,6,3,0,0,2,2,0,0):ch1
(0,20,1,6,3,0,0,2,2,0,1):ch1
(0,20,1,6,3,0,0,2,2,0,2):ch1
(0,20,1,6,3,0,0,2,2,0,3):ch1
(0,20,1,6,3,0,0,2,6,0,0):ch1
(0,20,1,6,3,0,0,2,6,0,1):ch1
(0,20,1,6,3,0,0,2,6,0,2):ch1
(0,20,1,6,3,0,0,2,6,0,3):ch1
(0,20,1,6,3,0,1,2,2,0,0):ch1
(0,20,1,6,3,0,1,2,2,0,1):ch1
(0,20,1,6,3,0,1,2,2,0,2):ch1
(0,20,1,6,3,0,1,2,2,0,3):ch1
(0,20,1,6,3,0,1,2,6,0,0):ch1
(0,20,1,6,3,0,1,2,6,0,1):ch1
(0,20,1,6,3,0,1,2,6,0,2):ch1
(0,20,1,6,3,0,1,2,6,0,3):ch1
(0,20,1,6,3,0,2,2,2,0,0):ch1
(0,20,1,6,3,0,2,2,2,0,1):ch1
(0,20,1,6,3,0,2,2,2,0,2):ch1
(0,20,1,6,3,0,2,2,2,0,3):ch1
(0,20,1,6,3,0,2,2,6,0,0):ch1
(0,20,1,6,3,0,2,2,6,0,1):ch1
(0,20,1,6,3,0,2,2,6,0,2):ch1
(0,20,1,6,3,0,2,2,6,0,3):ch1
(0,20,5,2,1,0,0,1,6,0,0):ch2
(0,20,5,2,1,0,0,1,6,0,1):ch2
(0,20,5,2,1,0,0,1,6,0,2):ch2
(0,20,5,2,1,0,0,1,6,0,3):ch2
(0,20,5,2,1,0,0,2,6,0,0):ch2
(0,20,5,2,1,0,0,2,6,0,1):ch2
(0,20,5,2,1,0,0,2,6,0,2):ch2
(0,20,5,2,1,0,0,2,6,0,3):ch2
(0,20,5,2,1,0,1,2,6,0,0):ch2
(0,20,5,2,1,0,1,2,6,0,1):ch2
(0,20,5,2,1,0,1,2,6,0,2):ch2
(0,20,5,2,1,0,1,2,6,0,3):ch2
(0,20,5,2,1,0,2,2,2,0,0):ch2
(0,20,5,2,1,0,2,2,2,0,1):ch2
(0,20,5,2,1,0,2,2,2,0,2):ch2
(0,20,5,2,1,0,2,2,2,0,3):ch2
(0,20,5,2,1,0,2,2,6,0,0):ch2
(0,20,5,2,1,0,2,2,6,0,1):ch2
(0,20,5,2,1,0,2,2,6,0,2):ch2
(0,20,5,2,1,0,2,2,6,0,3):ch2
(0,20,5,4,2,0,0,1,6,0,0):ch2
(0,20,5,4,2,0,0,1,6,0,1):ch2
(0,20,5,4,2,0,0,1,6,0,2):ch2
(0,20,5,4,2,0,0,1,6,0,3):ch2
(0,20,5,4,2,0,0,2,6,0,0):ch2
(0,20,5,4,2,0,0,2,6,0,1):ch2
(0,20,5,4,2,0,0,2,6,0,2):ch2
(0,20,5,4,2,0,0,2,6,0,3):ch2
(0,20,5,4,2,0,1,2,6,0,0):ch2
(0,20,5,4,2,0,1,2,6,0,1):ch2
(0,20,5,4,2,0,1,2,6,0,2):ch2
(0,20,5,4,2,0,1,2,6,0,3):ch2
(0,20,5,4,2,0,2,2,2,0,0):ch2
(0,20,5,4,2,0,2,2,2,0,1):ch2
(0,20,5,4,2,0,2,2,2,0,2):ch2
(0,20,5,4,2,0,2,2,2,0,3):ch2
(0,20,5,4,2,0,2,2,6,0,0):ch2
(0,20,5,4,2,0,2,2,6,0,1):ch2
(0,20,5,4,2,0,2,2,6,0,2):ch2
(0,20,5,4,2,0,2,2,6,0,3):ch2
(0,20,5,6,3,0,0,1,6,0,0):ch1
(0,20,5,6,3,0,0,1,6,0,1):ch1
(0,20,5,6,3,0,0,1,6,0,2):ch1
(0,20,5,6,3,0,0,1,6,0,3):ch1
(0,20,5,6,3,0,0,2,6,0,0):ch1
(0,20,5,6,3,0,0,2,6,0,1):ch1
(0,20,5,6,3,0,0,2,6,0,2):ch1
(0,20,5,6,3,0,0,2,6,0,3):ch1
(0,20,5,6,3,0,1,2,6,0,0):ch1
(0,20,5,6,3,0,1,2,6,0,1):ch1
(0,20,5,6,3,0,1,2,6,0,2):ch1
(0,20,5,6,3,0,1,2,6,0,3):ch1
(0,20,5,6,3,0,2,2,2,0,0):ch1
(0,20,5,6,3,0,2,2,2,0,1):ch1
(0,20,5,6,3,0,2,2,2,0,2):ch1
(0,20,5,6,3,0,2,2,2,0,3):ch1
(0,20,5,6,3,0,2,2,6,0,0):ch1
(0,20,5,6,3,0,2,2,6,0,1):ch1
(0,20,5,6,3,0,2,2,6,0,2):ch1
(0,20,5,6,3,0,2,2,6,0,3):ch1
(0,40,0,2,1,0,0,0,2,0,0):ch2
(0,40,0,2,1,0,0,0,2,0,2):ch2
(0,40,0,2,1,0,0,0,2,0,3):ch2
(0,40,0,4,2,0,0,0,2,0,0):ch2
(0,40,0,4,2,0,0,0,2,0,2):ch2
(0,40,0,4,2,0,0,0,2,0,3):ch2
(0,40,0,4,2,0,0,1,2,0,0):ch2
(0,40,0,4,2,0,0,1,2,0,2):ch2
(0,40,0,4,2,0,0,1,2,0,3):ch2
(0,40,0,4,2,0,0,1,6,0,0):ch2
(0,40,0,4,2,0,0,1,6,0,2):ch2
(0,40,0,4,2,0,0,1,6,0,3):ch2
(0,40,0,4,2,0,0,2,2,0,0):ch2
(0,40,0,4,2,0,0,2,2,0,2):ch2
(0,40,0,4,2,0,0,2,2,0,3):ch2
(0,40,0,4,2,0,0,2,6,0,0):ch2
(0,40,0,4,2,0,0,2,6,0,2):ch2
(0,40,0,4,2,0,0,2,6,0,3):ch2
(0,40,0,4,2,0,1,2,2,0,0):ch2
(0,40,0,4,2,0,1,2,2,0,2):ch2
(0,40,0,4,2,0,1,2,2,0,3):ch2
(0,40,0,4,2,0,1,2,6,0,0):ch2
(0,40,0,4,2,0,1,2,6,0,2):ch2
(0,40,0,4,2,0,1,2,6,0,3):ch2
(0,40,0,4,2,0,2,2,2,0,0):ch2
(0,40,0,4,2,0,2,2,2,0,2):ch2
(0,40,0,4,2,0,2,2,2,0,3):ch2
(0,40,0,4,2,0,2,2,6,0,0):ch2
(0,40,0,4,2,0,2,2,6,0,2):ch2
(0,40,0,4,2,0,2,2,6,0,3):ch2
(0,40,0,6,3,0,0,0,2,0,0):ch1
(0,40,0,6,3,0,0,0,2,0,2):ch1
(0,40,0,6,3,0,0,0,2,0,3):ch1
(0,40,0,6,3,0,0,1,2,0,0):ch1
(0,40,0,6,3,0,0,1,2,0,2):ch1
(0,40,0,6,3,0,0,1,2,0,3):ch1
(0,40,0,6,3,0,0,1,6,0,0):ch1
(0,40,0,6,3,0,0,1,6,0,2):ch1
(0,40,0,6,3,0,0,1,6,0,3):ch1
(0,40,0,6,3,0,0,2,2,0,0):ch1
(0,40,0,6,3,0,0,2,2,0,2):ch1
(0,40,0,6,3,0,0,2,2,0,3):ch1
(0,40,0,6,3,0,0,2,6,0,0):ch1
(0,40,0,6,3,0,0,2,6,0,2):ch1
(0,40,0,6,3,0,0,2,6,0,3):ch1
(0,40,0,6,3,0,1,2,2,0,0):ch1
(0,40,0,6,3,0,1,2,2,0,2):ch1
(0,40,0,6,3,0,1,2,2,0,3):ch1
(0,40,0,6,3,0,1,2,6,0,0):ch1
(0,40,0,6,3,0,1,2,6,0,2):ch1
(0,40,0,6,3,0,1,2,6,0,3):ch1
(0,40,0,6,3,0,2,2,2,0,0):ch1
(0,40,0,6,3,0,2,2,2,0,2):ch1
(0,40,0,6,3,0,2,2,2,0,3):ch1
(0,40,0,6,3,0,2,2,6,0,0):ch1
(0,40,0,6,3,0,2,2,6,0,2):ch1
(0,40,0,6,3,0,2,2,6,0,3):ch1
(0,40,1,2,1,0,0,1,2,0,0):ch2
(0,40,1,2,1,0,0,1,2,0,1):ch2
(0,40,1,2,1,0,0,1,2,0,2):ch2
(0,40,1,2,1,0,0,1,2,0,3):ch2
(0,40,1,2,1,0,0,2,2,0,0):ch2
(0,40,1,2,1,0,0,2,2,0,1):ch2
(0,40,1,2,1,0,0,2,2,0,2):ch2
(0,40,1,2,1,0,0,2,2,0,3):ch2
(0,40,1,2,1,0,1,2,2,0,0):ch2
(0,40,1,2,1,0,1,2,2,0,1):ch2
(0,40,1,2,1,0,1,2,2,0,2):ch2
(0,40,1,2,1,0,1,2,2,0,3):ch2
(0,40,1,2,1,0,2,2,2,0,0):ch2
(0,40,1,2,1,0,2,2,2,0,1):ch2
(0,40,1,2,1,0,2,2,2,0,2):ch2
(0,40,1,2,1,0,2,2,2,0,3):ch2
(0,40,1,4,2,0,0,1,2,0,0):ch2
(0,40,1,4,2,0,0,1,2,0,1):ch2
(0,40,1,4,2,0,0,1,2,0,2):ch2
(0,40,1,4,2,0,0,1,2,0,3):ch2
(0,40,1,4,2,0,0,1,6,0,0):ch2
(0,40,1,4,2,0,0,1,6,0,1):ch2
(0,40,1,4,2,0,0,1,6,0,2):ch2
(0,40,1,4,2,0,0,1,6,0,3):ch2
(0,40,1,4,2,0,0,2,2,0,0):ch2
(0,40,1,4,2,0,0,2,2,0,1):ch2
(0,40,1,4,2,0,0,2,2,0,2):ch2
(0,40,1,4,2,0,0,2,2,0,3):ch2
(0,40,1,4,2,0,0,2,6,0,0):ch2
(0,40,1,4,2,0,0,2,6,0,1):ch2
(0,40,1,4,2,0,0,2,6,0,2):ch2
(0,40,1,4,2,0,0,2,6,0,3):ch2
(0,40,1,4,2,0,1,2,2,0,0):ch2
(0,40,1,4,2,0,1,2,2,0,1):ch2
(0,40,1,4,2,0,1,2,2,0,2):ch2
(0,40,1,4,2,0,1,2,2,0,3):ch2
(0,40,1,4,2,0,1,2,6,0,0):ch2
(0,40,1,4,2,0,1,2,6,0,1):ch2
(0,40,1,4,2,0,1,2,6,0,2):ch2
(0,40,1,4,2,0,1,2,6,0,3):ch2
(0,40,1,4,2,0,2,2,2,0,0):ch2
(0,40,1,4,2,0,2,2,2,0,1):ch2
(0,40,1,4,2,0,2,2,2,0,2):ch2
(0,40,1,4,2,0,2,2,2,0,3):ch2
(0,40,1,4,2,0,2,2,6,0,0):ch2
(0,40,1,4,2,0,2,2,6,0,1):ch2
(0,40,1,4,2,0,2,2,6,0,2):ch2
(0,40,1,4,2,0,2,2,6,0,3):ch2
(0,40,1,6,3,0,0,1,2,0,0):ch1
(0,40,1,6,3,0,0,1,2,0,1):ch1
(0,40,1,6,3,0,0,1,2,0,2):ch1
(0,40,1,6,3,0,0,1,2,0,3):ch1
(0,40,1,6,3,0,0,1,6,0,0):ch1
(0,40,1,6,3,0,0,1,6,0,1):ch1
(0,40,1,6,3,0,0,1,6,0,2):ch1
(0,40,1,6,3,0,0,1,6,0,3):ch1
(0,40,1,6,3,0,0,2,2,0,0):ch1
(0,40,1,6,3,0,0,2,2,0,1):ch1
(0,40,1,6,3,0,0,2,2,0,2):ch1
(0,40,1,6,3,0,0,2,2,0,3):ch1
(0,40,1,6,3,0,0,2,6,0,0):ch1
(0,40,1,6,3,0,0,2,6,0,1):ch1
(0,40,1,6,3,0,0,2,6,0,2):ch1
(0,40,1,6,3,0,0,2,6,0,3):ch1
(0,40,1,6,3,0,1,2,2,0,0):ch1
(0,40,1,6,3,0,1,2,2,0,1):ch1
(0,40,1,6,3,0,1,2,2,0,2):ch1
(0,40,1,6,3,0,1,2,2,0,3):ch1
(0,40,1,6,3,0,1,2,6,0,0):ch1
(0,40,1,6,3,0,1,2,6,0,1):ch1
(0,40,1,6,3,0,1,2,6,0,2):ch1
(0,40,1,6,3,0,1,2,6,0,3):ch1
(0,40,1,6,3,0,2,2,2,0,0):ch1
(0,40,1,6,3,0,2,2,2,0,1):ch1
(0,40,1,6,3,0,2,2,2,0,2):ch1
(0,40,1,6,3,0,2,2,2,0,3):ch1
(0,40,1,6,3,0,2,2,6,0,0):ch1
(0,40,1,6,3,0,2,2,6,0,1):ch1
(0,40,1,6,3,0,2,2,6,0,2):ch1
(0,40,1,6,3,0,2,2,6,0,3):ch1
(0,40,5,2,1,0,0,1,6,0,0):ch2
(0,40,5,2,1,0,0,1,6,0,1):ch2
(0,40,5,2,1,0,0,1,6,0,2):ch2
(0,40,5,2,1,0,0,1,6,0,3):ch2
(0,40,5,2,1,0,0,2,6,0,0):ch2
(0,40,5,2,1,0,0,2,6,0,1):ch2
(0,40,5,2,1,0,0,2,6,0,2):ch2
(0,40,5,2,1,0,0,2,6,0,3):ch2
(0,40,5,2,1,0,1,2,6,0,0):ch2
(0,40,5,2,1,0,1,2,6,0,1):ch2
(0,40,5,2,1,0,1,2,6,0,2):ch2
(0,40,5,2,1,0,1,2,6,0,3):ch2
(0,40,5,2,1,0,2,2,6,0,0):ch2
(0,40,5,2,1,0,2,2,6,0,1):ch2
(0,40,5,2,1,0,2,2,6,0,2):ch2
(0,40,5,2,1,0,2,2,6,0,3):ch2
(0,40,5,4,2,0,0,1,6,0,0):ch2
(0,40,5,4,2,0,0,1,6,0,1):ch2
(0,40,5,4,2,0,0,1,6,0,2):ch2
(0,40,5,4,2,0,0,1,6,0,3):ch2
(0,40,5,4,2,0,0,2,6,0,0):ch2
(0,40,5,4,2,0,0,2,6,0,1):ch2
(0,40,5,4,2,0,0,2,6,0,2):ch2
(0,40,5,4,2,0,0,2,6,0,3):ch2
(0,40,5,4,2,0,1,2,6,0,0):ch2
(0,40,5,4,2,0,1,2,6,0,1):ch2
(0,40,5,4,2,0,1,2,6,0,2):ch2
(0,40,5,4,2,0,1,2,6,0,3):ch2
(0,40,5,4,2,0,2,2,6,0,0):ch2
(0,40,5,4,2,0,2,2,6,0,1):ch2
(0,40,5,4,2,0,2,2,6,0,2):ch2
(0,40,5,4,2,0,2,2,6,0,3):ch2
(0,40,5,6,3,0,0,1,6,0,0):ch1
(0,40,5,6,3,0,0,1,6,0,1):ch1
(0,40,5,6,3,0,0,1,6,0,2):ch1
(0,40,5,6,3,0,0,1,6,0,3):ch1
(0,40,5,6,3,0,0,2,6,0,0):ch1
(0,40,5,6,3,0,0,2,6,0,1):ch1
(0,40,5,6,3,0,0,2,6,0,2):ch1
(0,40,5,6,3,0,0,2,6,0,3):ch1
(0,40,5,6,3,0,1,2,6,0,0):ch1
(0,40,5,6,3,0,1,2,6,0,1):ch1
(0,40,5,6,3,0,1,2,6,0,2):ch1
(0,40,5,6,3,0,1,2,6,0,3):ch1
(0,40,5,6,3,0,2,2,6,0,0):ch1
(0,40,5,6,3,0,2,2,6,0,1):ch1
(0,40,5,6,3,0,2,2,6,0,2):ch1
(0,40,5,6,3,0,2,2,6,0,3):ch1
(0,60,0,2,1,0,0,0,2,0,0):ch2
(0,60,0,2,1,0,0,0,2,0,2):ch2
(0,60,0,2,1,0,0,0,2,0,3):ch2
(0,60,0,4,2,0,0,0,2,0,0):ch2
(0,60,0,4,2,0,0,0,2,0,2):ch2
(0,60,0,4,2,0,0,0,2,0,3):ch2
(0,60,0,4,2,0,0,1,2,0,0):ch2
(0,60,0,4,2,0,0,1,2,0,2):ch2
(0,60,0,4,2,0,0,1,2,0,3):ch2
(0,60,0,4,2,0,0,1,6,0,0):ch2
(0,60,0,4,2,0,0,1,6,0,2):ch2
(0,60,0,4,2,0,0,1,6,0,3):ch2
(0,60,0,4,2,0,0,2,2,0,0):ch2
(0,60,0,4,2,0,0,2,2,0,2):ch2
(0,60,0,4,2,0,0,2,2,0,3):ch2
(0,60,0,4,2,0,0,2,6,0,0):ch2
(0,60,0,4,2,0,0,2,6,0,2):ch2
(0,60,0,4,2,0,0,2,6,0,3):ch2
(0,60,0,4,2,0,1,2,2,0,0):ch2
(0,60,0,4,2,0,1,2,2,0,2):ch2
(0,60,0,4,2,0,1,2,2,0,3):ch2
(0,60,0,4,2,0,1,2,6,0,0):ch2
(0,60,0,4,2,0,1,2,6,0,2):ch2
(0,60,0,4,2,0,1,2,6,0,3):ch2
(0,60,0,4,2,0,2,2,2,0,0):ch2
(0,60,0,4,2,0,2,2,2,0,2):ch2
(0,60,0,4,2,0,2,2,2,0,3):ch2
(0,60,0,4,2,0,2,2,6,0,0):ch2
(0,60,0,4,2,0,2,2,6,0,2):ch2
(0,60,0,4,2,0,2,2,6,0,3):ch2
(0,60,0,6,3,0,0,0,2,0,0):ch1
(0,60,0,6,3,0,0,0,2,0,2):ch1
(0,60,0,6,3,0,0,0,2,0,3):ch1
(0,60,0,6,3,0,0,1,2,0,0):ch1
(0,60,0,6,3,0,0,1,2,0,2):ch1
(0,60,0,6,3,0,0,1,2,0,3):ch1
(0,60,0,6,3,0,0,1,6,0,0):ch1
(0,60,0,6,3,0,0,1,6,0,2):ch1
(0,60,0,6,3,0,0,1,6,0,3):ch1
(0,60,0,6,3,0,0,2,2,0,0):ch1
(0,60,0,6,3,0,0,2,2,0,2):ch1
(0,60,0,6,3,0,0,2,2,0,3):ch1
(0,60,0,6,3,0,0,2,6,0,0):ch1
(0,60,0,6,3,0,0,2,6,0,2):ch1
(0,60,0,6,3,0,0,2,6,0,3):ch1
(0,60,0,6,3,0,1,2,2,0,0):ch1
(0,60,0,6,3,0,1,2,2,0,2):ch1
(0,60,0,6,3,0,1,2,2,0,3):ch1
(0,60,0,6,3,0,1,2,6,0,0):ch1
(0,60,0,6,3,0,1,2,6,0,2):ch1
(0,60,0,6,3,0,1,2,6,0,3):ch1
(0,60,0,6,3,0,2,2,2,0,0):ch1
(0,60,0,6,3,0,2,2,2,0,2):ch1
(0,60,0,6,3,0,2,2,2,0,3):ch1
(0,60,0,6,3,0,2,2,6,0,0):ch1
(0,60,0,6,3,0,2,2,6,0,2):ch1
(0,60,0,6,3,0,2,2,6,0,3):ch1
(0,60,1,2,1,0,0,1,2,0,0):ch2
(0,60,1,2,1,0,0,1,2,0,1):ch2
(0,60,1,2,1,0,0,1,2,0,2):ch2
(0,60,1,2,1,0,0,1,2,0,3):ch2
(0,60,1,2,1,0,0,2,2,0,0):ch2
(0,60,1,2,1,0,0,2,2,0,1):ch2
(0,60,1,2,1,0,0,2,2,0,2):ch2
(0,60,1,2,1,0,0,2,2,0,3):ch2
(0,60,1,2,1,0,1,2,2,0,0):ch2
(0,60,1,2,1,0,1,2,2,0,1):ch2
(0,60,1,2,1,0,1,2,2,0,2):ch2
(0,60,1,2,1,0,1,2,2,0,3):ch2
(0,60,1,2,1,0,2,2,2,0,0):ch2
(0,60,1,2,1,0,2,2,2,0,1):ch2
(0,60,1,2,1,0,2,2,2,0,2):ch2
(0,60,1,2,1,0,2,2,2,0,3):ch2
(0,60,1,4,2,0,0,1,2,0,0):ch2
(0,60,1,4,2,0,0,1,2,0,1):ch2
(0,60,1,4,2,0,0,1,2,0,2):ch2
(0,60,1,4,2,0,0,1,2,0,3):ch2
(0,60,1,4,2,0,0,1,6,0,0):ch2
(0,60,1,4,2,0,0,1,6,0,1):ch2
(0,60,1,4,2,0,0,1,6,0,2):ch2
(0,60,1,4,2,0,0,1,6,0,3):ch2
(0,60,1,4,2,0,0,2,2,0,0):ch2
(0,60,1,4,2,0,0,2,2,0,1):ch2
(0,60,1,4,2,0,0,2,2,0,2):ch2
(0,60,1,4,2,0,0,2,2,0,3):ch2
(0,60,1,4,2,0,0,2,6,0,0):ch2
(0,60,1,4,2,0,0,2,6,0,1):ch2
(0,60,1,4,2,0,0,2,6,0,2):ch2
(0,60,1,4,2,0,0,2,6,0,3):ch2
(0,60,1,4,2,0,1,2,2,0,0):ch2
(0,60,1,4,2,0,1,2,2,0,1):ch2
(0,60,1,4,2,0,1,2,2,0,2):ch2
(0,60,1,4,2,0,1,2,2,0,3):ch2
(0,60,1,4,2,0,1,2,6,0,0):ch2
(0,60,1,4,2,0,1,2,6,0,1):ch2
(0,60,1,4,2,0,1,2,6,0,2):ch2
(0,60,1,4,2,0,1,2,6,0,3):ch2
(0,60,1,4,2,0,2,2,2,0,0):ch2
(0,60,1,4,2,0,2,2,2,0,1):ch2
(0,60,1,4,2,0,2,2,2,0,2):ch2
(0,60,1,4,2,0,2,2,2,0,3):ch2
(0,60,1,4,2,0,2,2,6,0,0):ch2
(0,60,1,4,2,0,2,2,6,0,1):ch2
(0,60,1,4,2,0,2,2,6,0,2):ch2
(0,60,1,4,2,0,2,2,6,0,3):ch2
(0,60,1,6,3,0,0,1,2,0,0):ch1
(0,60,1,6,3,0,0,1,2,0,1):ch1
(0,60,1,6,3,0,0,1,2,0,2):ch1
(0,60,1,6,3,0,0,1,2,0,3):ch1
(0,60,1,6,3,0,0,1,6,0,0):ch1
(0,60,1,6,3,0,0,1,6,0,1):ch1
(0,60,1,6,3,0,0,1,6,0,2):ch1
(0,60,1,6,3,0,0,1,6,0,3):ch1
(0,60,1,6,3,0,0,2,2,0,0):ch1
(0,60,1,6,3,0,0,2,2,0,1):ch1
(0,60,1,6,3,0,0,2,2,0,2):ch1
(0,60,1,6,3,0,0,2,2,0,3):ch1
(0,60,1,6,3,0,0,2,6,0,0):ch1
(0,60,1,6,3,0,0,2,6,0,1):ch1
(0,60,1,6,3,0,0,2,6,0,2):ch1
(0,60,1,6,3,0,0,2,6,0,3):ch1
(0,60,1,6,3,0,1,2,2,0,0):ch1
(0,60,1,6,3,0,1,2,2,0,1):ch1
(0,60,1,6,3,0,1,2,2,0,2):ch1
(0,60,1,6,3,0,1,2,2,0,3):ch1
(0,60,1,6,3,0,1,2,6,0,0):ch1
(0,60,1,6,3,0,1,2,6,0,1):ch1
(0,60,1,6,3,0,1,2,6,0,2):ch1
(0,60,1,6,3,0,1,2,6,0,3):ch1
(0,60,1,6,3,0,2,2,2,0,0):ch1
(0,60,1,6,3,0,2,2,2,0,1):ch1
(0,60,1,6,3,0,2,2,2,0,2):ch1
(0,60,1,6,3,0,2,2,2,0,3):ch1
(0,60,1,6,3,0,2,2,6,0,0):ch1
(0,60,1,6,3,0,2,2,6,0,1):ch1
(0,60,1,6,3,0,2,2,6,0,2):ch1
(0,60,1,6,3,0,2,2,6,0,3):ch1
(0,80,0,2,1,0,0,0,2,0,0):ch2
(0,80,0,2,1,0,0,0,2,0,2):ch2
(0,80,0,2,1,0,0,0,2,0,3):ch2
(0,80,0,4,2,0,0,0,2,0,0):ch2
(0,80,0,4,2,0,0,0,2,0,2):ch2
(0,80,0,4,2,0,0,0,2,0,3):ch2
(0,80,0,4,2,0,0,1,2,0,0):ch2
(0,80,0,4,2,0,0,1,2,0,2):ch2
(0,80,0,4,2,0,0,1,2,0,3):ch2
(0,80,0,4,2,0,0,1,6,0,0):ch2
(0,80,0,4,2,0,0,1,6,0,2):ch2
(0,80,0,4,2,0,0,1,6,0,3):ch2
(0,80,0,4,2,0,0,2,2,0,0):ch2
(0,80,0,4,2,0,0,2,2,0,2):ch2
(0,80,0,4,2,0,0,2,2,0,3):ch2
(0,80,0,4,2,0,0,2,6,0,0):ch2
(0,80,0,4,2,0,0,2,6,0,2):ch2
(0,80,0,4,2,0,0,2,6,0,3):ch2
(0,80,0,4,2,0,1,2,2,0,0):ch2
(0,80,0,4,2,0,1,2,2,0,2):ch2
(0,80,0,4,2,0,1,2,2,0,3):ch2
(0,80,0,4,2,0,1,2,6,0,0):ch2
(0,80,0,4,2,0,1,2,6,0,2):ch2
(0,80,0,4,2,0,1,2,6,0,3):ch2
(0,80,0,4,2,0,2,2,2,0,0):ch2
(0,80,0,4,2,0,2,2,2,0,2):ch2
(0,80,0,4,2,0,2,2,2,0,3):ch2
(0,80,0,4,2,0,2,2,6,0,0):ch2
(0,80,0,4,2,0,2,2,6,0,2):ch2
(0,80,0,4,2,0,2,2,6,0,3):ch2
(0,80,0,6,3,0,0,0,2,0,0):ch1
(0,80,0,6,3,0,0,0,2,0,2):ch1
(0,80,0,6,3,0,0,0,2,0,3):ch1
(0,80,0,6,3,0,0,1,2,0,0):ch1
(0,80,0,6,3,0,0,1,2,0,2):ch1
(0,80,0,6,3,0,0,1,2,0,3):ch1
(0,80,0,6,3,0,0,1,6,0,0):ch1
(0,80,0,6,3,0,0,1,6,0,2):ch1
(0,80,0,6,3,0,0,1,6,0,3):ch1
(0,80,0,6,3,0,0,2,2,0,0):ch1
(0,80,0,6,3,0,0,2,2,0,2):ch1
(0,80,0,6,3,0,0,2,2,0,3):ch1
(0,80,0,6,3,0,0,2,6,0,0):ch1
(0,80,0,6,3,0,0,2,6,0,2):ch1
(0,80,0,6,3,0,0,2,6,0,3):ch1
(0,80,0,6,3,0,1,2,2,0,0):ch1
(0,80,0,6,3,0,1,2,2,0,2):ch1
(0,80,0,6,3,0,1,2,2,0,3):ch1
(0,80,0,6,3,0,1,2,6,0,0):ch1
(0,80,0,6,3,0,1,2,6,0,2):ch1
(0,80,0,6,3,0,1,2,6,0,3):ch1
(0,80,0,6,3,0,2,2,2,0,0):ch1
(0,80,0,6,3,0,2,2,2,0,2):ch1
(0,80,0,6,3,0,2,2,2,0,3):ch1
(0,80,0,6,3,0,2,2,6,0,0):ch1
(0,80,0,6,3,0,2,2,6,0,2):ch1
(0,80,0,6,3,0,2,2,6,0,3):ch1
(0,80,1,2,1,0,0,1,2,0,0):ch2
(0,80,1,2,1,0,0,1,2,0,1):ch2
(0,80,1,2,1,0,0,1,2,0,2):ch2
(0,80,1,2,1,0,0,1,2,0,3):ch2
(0,80,1,2,1,0,0,2,2,0,0):ch2
(0,80,1,2,1,0,0,2,2,0,1):ch2
(0,80,1,2,1,0,0,2,2,0,2):ch2
(0,80,1,2,1,0,0,2,2,0,3):ch2
(0,80,1,2,1,0,1,2,2,0,0):ch2
(0,80,1,2,1,0,1,2,2,0,1):ch2
(0,80,1,2,1,0,1,2,2,0,2):ch2
(0,80,1,2,1,0,1,2,2,0,3):ch2
(0,80,1,2,1,0,2,2,2,0,0):ch2
(0,80,1,2,1,0,2,2,2,0,1):ch2
(0,80,1,2,1,0,2,2,2,0,2):ch2
(0,80,1,2,1,0,2,2,2,0,3):ch2
(0,80,1,4,2,0,0,1,2,0,0):ch2
(0,80,1,4,2,0,0,1,2,0,1):ch2
(0,80,1,4,2,0,0,1,2,0,2):ch2
(0,80,1,4,2,0,0,1,2,0,3):ch2
(0,80,1,4,2,0,0,1,6,0,0):ch2
(0,80,1,4,2,0,0,1,6,0,1):ch2
(0,80,1,4,2,0,0,1,6,0,2):ch2
(0,80,1,4,2,0,0,1,6,0,3):ch2
(0,80,1,4,2,0,0,2,2,0,0):ch2
(0,80,1,4,2,0,0,2,2,0,1):ch2
(0,80,1,4,2,0,0,2,2,0,2):ch2
(0,80,1,4,2,0,0,2,2,0,3):ch2
(0,80,1,4,2,0,0,2,6,0,0):ch2
(0,80,1,4,2,0,0,2,6,0,1):ch2
(0,80,1,4,2,0,0,2,6,0,2):ch2
(0,80,1,4,2,0,0,2,6,0,3):ch2
(0,80,1,4,2,0,1,2,2,0,0):ch2
(0,80,1,4,2,0,1,2,2,0,1):ch2
(0,80,1,4,2,0,1,2,2,0,2):ch2
(0,80,1,4,2,0,1,2,2,0,3):ch2
(0,80,1,4,2,0,1,2,6,0,0):ch2
(0,80,1,4,2,0,1,2,6,0,1):ch2
(0,80,1,4,2,0,1,2,6,0,2):ch2
(0,80,1,4,2,0,1,2,6,0,3):ch2
(0,80,1,4,2,0,2,2,2,0,0):ch2
(0,80,1,4,2,0,2,2,2,0,1):ch2
(0,80,1,4,2,0,2,2,2,0,2):ch2
(0,80,1,4,2,0,2,2,2,0,3):ch2
(0,80,1,4,2,0,2,2,6,0,0):ch2
(0,80,1,4,2,0,2,2,6,0,1):ch2
(0,80,1,4,2,0,2,2,6,0,2):ch2
(0,80,1,4,2,0,2,2,6,0,3):ch2
(0,80,1,6,3,0,0,1,2,0,0):ch1
(0,80,1,6,3,0,0,1,2,0,1):ch1
(0,80,1,6,3,0,0,1,2,0,2):ch1
(0,80,1,6,3,0,0,1,2,0,3):ch1
(0,80,1,6,3,0,0,1,6,0,0):ch1
(0,80,1,6,3,0,0,1,6,0,1):ch1
(0,80,1,6,3,0,0,1,6,0,2):ch1
(0,80,1,6,3,0,0,1,6,0,3):ch1
(0,80,1,6,3,0,0,2,2,0,0):ch1
(0,80,1,6,3,0,0,2,2,0,1):ch1
(0,80,1,6,3,0,0,2,2,0,2):ch1
(0,80,1,6,3,0,0,2,2,0,3):ch1
(0,80,1,6,3,0,0,2,6,0,0):ch1
(0,80,1,6,3,0,0,2,6,0,1):ch1
(0,80,1,6,3,0,0,2,6,0,2):ch1
(0,80,1,6,3,0,0,2,6,0,3):ch1
(0,80,1,6,3,0,1,2,2,0,0):ch1
(0,80,1,6,3,0,1,2,2,0,1):ch1
(0,80,1,6,3,0,1,2,2,0,2):ch1
(0,80,1,6,3,0,1,2,2,0,3):ch1
(0,80,1,6,3,0,1,2,6,0,0):ch1
(0,80,1,6,3,0,1,2,6,0,1):ch1
(0,80,1,6,3,0,1,2,6,0,2):ch1
(0,80,1,6,3,0,1,2,6,0,3):ch1
(0,80,1,6,3,0,2,2,2,0,0):ch1
(0,80,1,6,3,0,2,2,2,0,1):ch1
(0,80,1,6,3,0,2,2,2,0,2):ch1
(0,80,1,6,3,0,2,2,2,0,3):ch1
(0,80,1,6,3,0,2,2,6,0,0):ch1
(0,80,1,6,3,0,2,2,6,0,1):ch1
(0,80,1,6,3,0,2,2,6,0,2):ch1
(0,80,1,6,3,0,2,2,6,0,3):ch1
(0,100,0,2,1,0,0,0,2,0,0):ch2
(0,100,0,2,1,0,0,0,2,0,2):ch2
(0,100,0,2,1,0,0,0,2,0,3):ch2
(0,100,0,4,2,0,0,0,2,0,0):ch2
(0,100,0,4,2,0,0,0,2,0,2):ch2
(0,100,0,4,2,0,0,0,2,0,3):ch2
(0,100,0,4,2,0,0,1,2,0,0):ch2
(0,100,0,4,2,0,0,1,2,0,2):ch2
(0,100,0,4,2,0,0,1,2,0,3):ch2
(0,100,0,4,2,0,0,1,6,0,0):ch2
(0,100,0,4,2,0,0,1,6,0,2):ch2
(0,100,0,4,2,0,0,1,6,0,3):ch2
(0,100,0,4,2,0,0,2,2,0,0):ch2
(0,100,0,4,2,0,0,2,2,0,2):ch2
(0,100,0,4,2,0,0,2,2,0,3):ch2
(0,100,0,4,2,0,0,2,6,0,0):ch2
(0,100,0,4,2,0,0,2,6,0,2):ch2
(0,100,0,4,2,0,0,2,6,0,3):ch2
(0,100,0,4,2,0,1,2,2,0,0):ch2
(0,100,0,4,2,0,1,2,2,0,2):ch2
(0,100,0,4,2,0,1,2,2,0,3):ch2
(0,100,0,4,2,0,1,2,6,0,0):ch2
(0,100,0,4,2,0,1,2,6,0,2):ch2
(0,100,0,4,2,0,1,2,6,0,3):ch2
(0,100,0,4,2,0,2,2,2,0,0):ch2
(0,100,0,4,2,0,2,2,2,0,2):ch2
(0,100,0,4,2,0,2,2,2,0,3):ch2
(0,100,0,4,2,0,2,2,6,0,0):ch2
(0,100,0,4,2,0,2,2,6,0,2):ch2
(0,100,0,4,2,0,2,2,6,0,3):ch2
(0,100,0,6,3,0,0,0,2,0,0):ch1
(0,100,0,6,3,0,0,0,2,0,2):ch1
(0,100,0,6,3,0,0,0,2,0,3):ch1
(0,100,0,6,3,0,0,1,2,0,0):ch1
(0,100,0,6,3,0,0,1,2,0,2):ch1
(0,100,0,6,3,0,0,1,2,0,3):ch1
(0,100,0,6,3,0,0,1,6,0,0):ch1
(0,100,0,6,3,0,0,1,6,0,2):ch1
(0,100,0,6,3,0,0,1,6,0,3):ch1
(0,100,0,6,3,0,0,2,2,0,0):ch1
(0,100,0,6,3,0,0,2,2,0,2):ch1
(0,100,0,6,3,0,0,2,2,0,3):ch1
(0,100,0,6,3,0,0,2,6,0,0):ch1
(0,100,0,6,3,0,0,2,6,0,2):ch1
(0,100,0,6,3,0,0,2,6,0,3):ch1
(0,100,0,6,3,0,1,2,2,0,0):ch1
(0,100,0,6,3,0,1,2,2,0,2):ch1
(0,100,0,6,3,0,1,2,2,0,3):ch1
(0,100,0,6,3,0,1,2,6,0,0):ch1
(0,100,0,6,3,0,1,2,6,0,2):ch1
(0,100,0,6,3,0,1,2,6,0,3):ch1
(0,100,0,6,3,0,2,2,2,0,0):ch1
(0,100,0,6,3,0,2,2,2,0,2):ch1
(0,100,0,6,3,0,2,2,2,0,3):ch1
(0,100,0,6,3,0,2,2,6,0,0):ch1
(0,100,0,6,3,0,2,2,6,0,2):ch1
(0,100,0,6,3,0,2,2,6,0,3):ch1
(0,100,1,2,1,0,0,1,2,0,0):ch2
(0,100,1,2,1,0,0,1,2,0,1):ch2
(0,100,1,2,1,0,0,1,2,0,2):ch2
(0,100,1,2,1,0,0,1,2,0,3):ch2
(0,100,1,2,1,0,0,2,2,0,0):ch2
(0,100,1,2,1,0,0,2,2,0,1):ch2
(0,100,1,2,1,0,0,2,2,0,2):ch2
(0,100,1,2,1,0,0,2,2,0,3):ch2
(0,100,1,2,1,0,1,2,2,0,0):ch2
(0,100,1,2,1,0,1,2,2,0,1):ch2
(0,100,1,2,1,0,1,2,2,0,2):ch2
(0,100,1,2,1,0,1,2,2,0,3):ch2
(0,100,1,2,1,0,2,2,2,0,0):ch2
(0,100,1,2,1,0,2,2,2,0,1):ch2
(0,100,1,2,1,0,2,2,2,0,2):ch2
(0,100,1,2,1,0,2,2,2,0,3):ch2
(0,100,1,4,2,0,0,1,2,0,0):ch2
(0,100,1,4,2,0,0,1,2,0,1):ch2
(0,100,1,4,2,0,0,1,2,0,2):ch2
(0,100,1,4,2,0,0,1,2,0,3):ch2
(0,100,1,4,2,0,0,1,6,0,0):ch2
(0,100,1,4,2,0,0,1,6,0,1):ch2
(0,100,1,4,2,0,0,1,6,0,2):ch2
(0,100,1,4,2,0,0,1,6,0,3):ch2
(0,100,1,4,2,0,0,2,2,0,0):ch2
(0,100,1,4,2,0,0,2,2,0,1):ch2
(0,100,1,4,2,0,0,2,2,0,2):ch2
(0,100,1,4,2,0,0,2,2,0,3):ch2
(0,100,1,4,2,0,0,2,6,0,0):ch2
(0,100,1,4,2,0,0,2,6,0,1):ch2
(0,100,1,4,2,0,0,2,6,0,2):ch2
(0,100,1,4,2,0,0,2,6,0,3):ch2
(0,100,1,4,2,0,1,2,2,0,0):ch2
(0,100,1,4,2,0,1,2,2,0,1):ch2
(0,100,1,4,2,0,1,2,2,0,2):ch2
(0,100,1,4,2,0,1,2,2,0,3):ch2
(0,100,1,4,2,0,1,2,6,0,0):ch2
(0,100,1,4,2,0,1,2,6,0,1):ch2
(0,100,1,4,2,0,1,2,6,0,2):ch2
(0,100,1,4,2,0,1,2,6,0,3):ch2
(0,100,1,4,2,0,2,2,2,0,0):ch2
(0,100,1,4,2,0,2,2,2,0,1):ch2
(0,100,1,4,2,0,2,2,2,0,2):ch2
(0,100,1,4,2,0,2,2,2,0,3):ch2
(0,100,1,4,2,0,2,2,6,0,0):ch2
(0,100,1,4,2,0,2,2,6,0,1):ch2
(0,100,1,4,2,0,2,2,6,0,2):ch2
(0,100,1,4,2,0,2,2,6,0,3):ch2
(0,100,1,6,3,0,0,1,2,0,0):ch1
(0,100,1,6,3,0,0,1,2,0,1):ch1
(0,100,1,6,3,0,0,1,2,0,2):ch1
(0,100,1,6,3,0,0,1,2,0,3):ch1
(0,100,1,6,3,0,0,1,6,0,0):ch1
(0,100,1,6,3,0,0,1,6,0,1):ch1
(0,100,1,6,3,0,0,1,6,0,2):ch1
(0,100,1,6,3,0,0,1,6,0,3):ch1
(0,100,1,6,3,0,0,2,2,0,0):ch1
(0,100,1,6,3,0,0,2,2,0,1):ch1
(0,100,1,6,3,0,0,2,2,0,2):ch1
(0,100,1,6,3,0,0,2,2,0,3):ch1
(0,100,1,6,3,0,0,2,6,0,0):ch1
(0,100,1,6,3,0,0,2,6,0,1):ch1
(0,100,1,6,3,0,0,2,6,0,2):ch1
(0,100,1,6,3,0,0,2,6,0,3):ch1
(0,100,1,6,3,0,1,2,2,0,0):ch1
(0,100,1,6,3,0,1,2,2,0,1):ch1
(0,100,1,6,3,0,1,2,2,0,2):ch1
(0,100,1,6,3,0,1,2,2,0,3):ch1
(0,100,1,6,3,0,1,2,6,0,0):ch1
(0,100,1,6,3,0,1,2,6,0,1):ch1
(0,100,1,6,3,0,1,2,6,0,2):ch1
(0,100,1,6,3,0,1,2,6,0,3):ch1
(0,100,1,6,3,0,2,2,2,0,0):ch1
(0,100,1,6,3,0,2,2,2,0,1):ch1
(0,100,1,6,3,0,2,2,2,0,2):ch1
(0,100,1,6,3,0,2,2,2,0,3):ch1
(0,100,1,6,3,0,2,2,6,0,0):ch1
(0,100,1,6,3,0,2,2,6,0,1):ch1
(0,100,1,6,3,0,2,2,6,0,2):ch1
(0,100,1,6,3,0,2,2,6,0,3):ch1
(1,0,0,7,0,1,0,0,2,0,0):nofix
(1,0,0,7,0,1,0,0,2,0,2):nofix
(1,0,0,7,0,1,0,0,2,0,3):nofix
(1,0,0,7,0,1,0,1,2,0,0):nofix
(1,0,0,7,0,1,0,1,2,0,2):nofix
(1,0,0,7,0,1,0,1,2,0,3):nofix
(1,0,0,7,0,1,0,1,6,0,0):nofix
(1,0,0,7,0,1,0,1,6,0,2):nofix
(1,0,0,7,0,1,0,1,6,0,3):nofix
(1,0,0,7,0,1,0,2,2,0,0):nofix
(1,0,0,7,0,1,0,2,2,0,2):nofix
(1,0,0,7,0,1,0,2,2,0,3):nofix
(1,0,0,7,0,1,0,2,6,0,0):nofix
(1,0,0,7,0,1,0,2,6,0,2):nofix
(1,0,0,7,0,1,0,2,6,0,3):nofix
(1,0,0,7,0,1,1,2,2,0,0):nofix
(1,0,0,7,0,1,1,2,2,0,2):nofix
(1,0,0,7,0,1,1,2,2,0,3):nofix
(1,0,0,7,0,1,1,2,6,0,0):nofix
(1,0,0,7,0,1,1,2,6,0,2):nofix
(1,0,0,7,0,1,1,2,6,0,3):nofix
(1,0,0,7,0,1,2,2,2,0,0):nofix
(1,0,0,7,0,1,2,2,2,0,2):nofix
(1,0,0,7,0,1,2,2,2,0,3):nofix
(1,0,0,7,0,1,2,2,6,0,0):nofix
(1,0,0,7,0,1,2,2,6,0,2):nofix
(1,0,0,7,0,1,2,2,6,0,3):nofix
(1,0,1,7,0,1,0,1,2,0,0):nofix
(1,0,1,7,0,1,0,1,2,0,1):nofix
(1,0,1,7,0,1,0,1,2,0,2):nofix
(1,0,1,7,0,1,0,1,2,0,3):nofix
(1,0,1,7,0,1,0,1,6,0,0):nofix
(1,0,1,7,0,1,0,1,6,0,1):nofix
(1,0,1,7,0,1,0,1,6,0,2):nofix
(1,0,1,7,0,1,0,1,6,0,3):nofix
(1,0,1,7,0,1,0,2,2,0,0):nofix
(1,0,1,7,0,1,0,2,2,0,1):nofix
(1,0,1,7,0,1,0,2,2,0,2):nofix
(1,0,1,7,0,1,0,2,2,0,3):nofix
(1,0,1,7,0,1,0,2,6,0,0):nofix
(1,0,1,7,0,1,0,2,6,0,1):nofix
(1,0,1,7,0,1,0,2,6,0,2):nofix
(1,0,1,7,0,1,0,2,6,0,3):nofix
(1,0,1,7,0,1,1,2,2,0,0):nofix
(1,0,1,7,0,1,1,2,2,0,1):nofix
(1,0,1,7,0,1,1,2,2,0,2):nofix
(1,0,1,7,0,1,1,2,2,0,3):nofix
(1,0,1,7,0,1,1,2,6,0,0):nofix
(1,0,1,7,0,1,1,2,6,0,1):nofix
(1,0,1,7,0,1,1,2,6,0,2):nofix
(1,0,1,7,0,1,1,2,6,0,3):nofix
(1,0,1,7,0,1,2,2,2,0,0):nofix
(1,0,1,7,0,1,2,2,2,0,1):nofix
(1,0,1,7,0,1,2,2,2,0,2):nofix
(1,0,1,7,0,1,2,2,2,0,3):nofix
(1,0,1,7,0,1,2,2,6,0,0):nofix
(1,0,1,7,0,1,2,2,6,0,1):nofix
(1,0,1,7,0,1,2,2,6,0,2):nofix
(1,0,1,7,0,1,2,2,6,0,3):nofix
(1,0,5,7,0,1,0,1,6,0,0):nofix
(1,0,5,7,0,1,0,1,6,0,1):nofix
(1,0,5,7,0,1,0,1,6,0,2):nofix
(1,0,5,7,0,1,0,1,6,0,3):nofix
(1,0,5,7,0,1,0,2,6,0,0):nofix
(1,0,5,7,0,1,0,2,6,0,1):nofix
(1,0,5,7,0,1,0,2,6,0,2):nofix
(1,0,5,7,0,1,0,2,6,0,3):nofix
(1,0,5,7,0,1,1,2,6,0,0):nofix
(1,0,5,7,0,1,1,2,6,0,1):nofix
(1,0,5,7,0,1,1,2,6,0,2):nofix
(1,0,5,7,0,1,1,2,6,0,3):nofix
(1,0,5,7,0,1,2,2,2,0,0):nofix
(1,0,5,7,0,1,2,2,2,0,1):nofix
(1,0,5,7,0,1,2,2,2,0,2):nofix
(1,0,5,7,0,1,2,2,2,0,3):nofix
(1,0,5,7,0,1,2,2,6,0,0):nofix
(1,0,5,7,0,1,2,2,6,0,1):nofix
(1,0,5,7,0,1,2,2,6,0,2):nofix
(1,0,5,7,0,1,2,2,6,0,3):nofix
(1,20,0,1,1,0,0,0,2,0,4):FTR0
(1,20,0,3,2,0,0,0,2,0,0):FTR0
(1,20,0,3,2,0,0,0,2,0,2):FTR0
(1,20,0,3,2,0,0,0,2,0,3):FTR0
(1,20,0,5,3,0,0,0,2,0,0):FTR0
(1,20,0,5,3,0,0,0,2,0,2):FTR0
(1,20,0,5,3,0,0,0,2,0,3):FTR0
(1,20,0,5,3,0,0,1,2,0,0):FTR0
(1,20,0,5,3,0,0,1,2,0,2):FTR0
(1,20,0,5,3,0,0,1,2,0,3):FTR0
(1,20,0,5,3,0,0,1,6,0,0):FTR0
(1,20,0,5,3,0,0,1,6,0,2):FTR0
(1,20,0,5,3,0,0,1,6,0,3):FTR0
(1,20,0,5,3,0,0,2,2,0,0):FTR0
(1,20,0,5,3,0,0,2,2,0,2):FTR0
(1,20,0,5,3,0,0,2,2,0,3):FTR0
(1,20,0,5,3,0,0,2,6,0,0):FTR0
(1,20,0,5,3,0,0,2,6,0,2):FTR0
(1,20,0,5,3,0,0,2,6,0,3):FTR0
(1,20,0,5,3,0,1,2,2,0,0):FTR0
(1,20,0,5,3,0,1,2,2,0,2):FTR0
(1,20,0,5,3,0,1,2,2,0,3):FTR0
(1,20,0,5,3,0,1,2,6,0,0):FTR0
(1,20,0,5,3,0,1,2,6,0,2):FTR0
(1,20,0,5,3,0,1,2,6,0,3):FTR0
(1,20,0,5,3,0,2,2,2,0,0):FTR0
(1,20,0,5,3,0,2,2,2,0,2):FTR0
(1,20,0,5,3,0,2,2,2,0,3):FTR0
(1,20,0,5,3,0,2,2,6,0,0):FTR0
(1,20,0,5,3,0,2,2,6,0,2):FTR0
(1,20,0,5,3,0,2,2,6,0,3):FTR0
(1,20,1,3,2,0,0,1,2,0,0):FTR0
(1,20,1,3,2,0,0,1,2,0,1):FTR0
(1,20,1,3,2,0,0,1,2,0,2):FTR0
(1,20,1,3,2,0,0,1,2,0,3):FTR0
(1,20,1,3,2,0,0,2,2,0,0):FTR0
(1,20,1,3,2,0,0,2,2,0,1):FTR0
(1,20,1,3,2,0,0,2,2,0,2):FTR0
(1,20,1,3,2,0,0,2,2,0,3):FTR0
(1,20,1,3,2,0,1,2,2,0,0):FTR0
(1,20,1,3,2,0,1,2,2,0,1):FTR0
(1,20,1,3,2,0,1,2,2,0,2):FTR0
(1,20,1,3,2,0,1,2,2,0,3):FTR0
(1,20,1,3,2,0,2,2,2,0,0):FTR0
(1,20,1,3,2,0,2,2,2,0,1):FTR0
(1,20,1,3,2,0,2,2,2,0,2):FTR0
(1,20,1,3,2,0,2,2,2,0,3):FTR0
(1,20,1,5,3,0,0,1,2,0,0):FTR0
(1,20,1,5,3,0,0,1,2,0,1):FTR0
(1,20,1,5,3,0,0,1,2,0,2):FTR0
(1,20,1,5,3,0,0,1,2,0,3):FTR0
(1,20,1,5,3,0,0,1,6,0,0):FTR0
(1,20,1,5,3,0,0,1,6,0,1):FTR0
(1,20,1,5,3,0,0,1,6,0,2):FTR0
(1,20,1,5,3,0,0,1,6,0,3):FTR0
(1,20,1,5,3,0,0,2,2,0,0):FTR0
(1,20,1,5,3,0,0,2,2,0,1):FTR0
(1,20,1,5,3,0,0,2,2,0,2):FTR0
(1,20,1,5,3,0,0,2,2,0,3):FTR0
(1,20,1,5,3,0,0,2,6,0,0):FTR0
(1,20,1,5,3,0,0,2,6,0,1):FTR0
(1,20,1,5,3,0,0,2,6,0,2):FTR0
(1,20,1,5,3,0,0,2,6,0,3):FTR0
(1,20,1,5,3,0,1,2,2,0,0):FTR0
(1,20,1,5,3,0,1,2,2,0,1):FTR0
(1,20,1,5,3,0,1,2,2,0,2):FTR0
(1,20,1,5,3,0,1,2,2,0,3):FTR0
(1,20,1,5,3,0,1,2,6,0,0):FTR0
(1,20,1,5,3,0,1,2,6,0,1):FTR0
(1,20,1,5,3,0,1,2,6,0,2):FTR0
(1,20,1,5,3,0,1,2,6,0,3):FTR0
(1,20,1,5,3,0,2,2,2,0,0):FTR0
(1,20,1,5,3,0,2,2,2,0,1):FTR0
(1,20,1,5,3,0,2,2,2,0,2):FTR0
(1,20,1,5,3,0,2,2,2,0,3):FTR0
(1,20,1,5,3,0,2,2,6,0,0):FTR0
(1,20,1,5,3,0,2,2,6,0,1):FTR0
(1,20,1,5,3,0,2,2,6,0,2):FTR0
(1,20,1,5,3,0,2,2,6,0,3):FTR0
(1,20,5,3,2,0,0,1,6,0,0):FTR0
(1,20,5,3,2,0,0,1,6,0,1):FTR0
(1,20,5,3,2,0,0,1,6,0,2):FTR0
(1,20,5,3,2,0,0,1,6,0,3):FTR0
(1,20,5,3,2,0,0,2,6,0,0):FTR0
(1,20,5,3,2,0,0,2,6,0,1):FTR0
(1,20,5,3,2,0,0,2,6,0,2):FTR0
(1,20,5,3,2,0,0,2,6,0,3):FTR0
(1,20,5,3,2,0,1,2,6,0,0):FTR0
(1,20,5,3,2,0,1,2,6,0,1):FTR0
(1,20,5,3,2,0,1,2,6,0,2):FTR0
(1,20,5,3,2,0,1,2,6,0,3):FTR0
(1,20,5,3,2,0,2,2,2,0,0):FTR0
(1,20,5,3,2,0,2,2,2,0,1):FTR0
(1,20,5,3,2,0,2,2,2,0,2):FTR0
(1,20,5,3,2,0,2,2,2,0,3):FTR0
(1,20,5,3,2,0,2,2,6,0,0):FTR0
(1,20,5,3,2,0,2,2,6,0,1):FTR0
(1,20,5,3,2,0,2,2,6,0,2):FTR0
(1,20,5,3,2,0,2,2,6,0,3):FTR0
(1,20,5,5,3,0,0,1,6,0,0):FTR0
(1,20,5,5,3,0,0,1,6,0,1):FTR0
(1,20,5,5,3,0,0,1,6,0,2):FTR0
(1,20,5,5,3,0,0,1,6,0,3):FTR0
(1,20,5,5,3,0,0,2,6,0,0):FTR0
(1,20,5,5,3,0,0,2,6,0,1):FTR0
(1,20,5,5,3,0,0,2,6,0,2):FTR0
(1,20,5,5,3,0,0,2,6,0,3):FTR0
(1,20,5,5,3,0,1,2,6,0,0):FTR0
(1,20,5,5,3,0,1,2,6,0,1):FTR0
(1,20,5,5,3,0,1,2,6,0,2):FTR0
(1,20,5,5,3,0,1,2,6,0,3):FTR0
(1,20,5,5,3,0,2,2,2,0,0):FTR0
(1,20,5,5,3,0,2,2,2,0,1):FTR0
(1,20,5,5,3,0,2,2,2,0,2):FTR0
(1,20,5,5,3,0,2,2,2,0,3):FTR0
(1,20,5,5,3,0,2,2,6,0,0):FTR0
(1,20,5,5,3,0,2,2,6,0,1):FTR0
(1,20,5,5,3,0,2,2,6,0,2):FTR0
(1,20,5,5,3,0,2,2,6,0,3):FTR0
(1,40,0,1,1,0,0,0,2,0,4):FTR0
(1,40,0,3,2,0,0,0,2,0,0):FTR0
(1,40,0,3,2,0,0,0,2,0,2):FTR0
(1,40,0,3,2,0,0,0,2,0,3):FTR0
(1,40,0,5,3,0,0,0,2,0,0):FTR0
(1,40,0,5,3,0,0,0,2,0,2):FTR0
(1,40,0,5,3,0,0,0,2,0,3):FTR0
(1,40,0,5,3,0,0,1,2,0,0):FTR0
(1,40,0,5,3,0,0,1,2,0,2):FTR0
(1,40,0,5,3,0,0,1,2,0,3):FTR0
(1,40,0,5,3,0,0,1,6,0,0):FTR0
(1,40,0,5,3,0,0,1,6,0,2):FTR0
(1,40,0,5,3,0,0,1,6,0,3):FTR0
(1,40,0,5,3,0,0,2,2,0,0):FTR0
(1,40,0,5,3,0,0,2,2,0,2):FTR0
(1,40,0,5,3,0,0,2,2,0,3):FTR0
(1,40,0,5,3,0,0,2,6,0,0):FTR0
(1,40,0,5,3,0,0,2,6,0,2):FTR0
(1,40,0,5,3,0,0,2,6,0,3):FTR0
(1,40,0,5,3,0,1,2,2,0,0):FTR0
(1,40,0,5,3,0,1,2,2,0,2):FTR0
(1,40,0,5,3,0,1,2,2,0,3):FTR0
(1,40,0,5,3,0,1,2,6,0,0):FTR0
(1,40,0,5,3,0,1,2,6,0,2):FTR0
(1,40,0,5,3,0,1,2,6,0,3):FTR0
(1,40,0,5,3,0,2,2,2,0,0):FTR0
(1,40,0,5,3,0,2,2,2,0,2):FTR0
(1,40,0,5,3,0,2,2,2,0,3):FTR0
(1,40,0,5,3,0,2,2,6,0,0):FTR0
(1,40,0,5,3,0,2,2,6,0,2):FTR0
(1,40,0,5,3,0,2,2,6,0,3):FTR0
(1,40,1,3,2,0,0,1,2,0,0):FTR0
(1,40,1,3,2,0,0,1,2,0,1):FTR0
(1,40,1,3,2,0,0,1,2,0,2):FTR0
(1,40,1,3,2,0,0,1,2,0,3):FTR0
(1,40,1,3,2,0,0,2,2,0,0):FTR0
(1,40,1,3,2,0,0,2,2,0,1):FTR0
(1,40,1,3,2,0,0,2,2,0,2):FTR0
(1,40,1,3,2,0,0,2,2,0,3):FTR0
(1,40,1,3,2,0,1,2,2,0,0):FTR0
(1,40,1,3,2,0,1,2,2,0,1):FTR0
(1,40,1,3,2,0,1,2,2,0,2):FTR0
(1,40,1,3,2,0,1,2,2,0,3):FTR0
(1,40,1,3,2,0,2,2,2,0,0):FTR0
(1,40,1,3,2,0,2,2,2,0,1):FTR0
(1,40,1,3,2,0,2,2,2,0,2):FTR0
(1,40,1,3,2,0,2,2,2,0,3):FTR0
(1,40,1,5,3,0,0,1,2,0,0):FTR0
(1,40,1,5,3,0,0,1,2,0,1):FTR0
(1,40,1,5,3,0,0,1,2,0,2):FTR0
(1,40,1,5,3,0,0,1,2,0,3):FTR0
(1,40,1,5,3,0,0,1,6,0,0):FTR0
(1,40,1,5,3,0,0,1,6,0,1):FTR0
(1,40,1,5,3,0,0,1,6,0,2):FTR0
(1,40,1,5,3,0,0,1,6,0,3):FTR0
(1,40,1,5,3,0,0,2,2,0,0):FTR0
(1,40,1,5,3,0,0,2,2,0,1):FTR0
(1,40,1,5,3,0,0,2,2,0,2):FTR0
(1,40,1,5,3,0,0,2,2,0,3):FTR0
(1,40,1,5,3,0,0,2,6,0,0):FTR0
(1,40,1,5,3,0,0,2,6,0,1):FTR0
(1,40,1,5,3,0,0,2,6,0,2):FTR0
(1,40,1,5,3,0,0,2,6,0,3):FTR0
(1,40,1,5,3,0,1,2,2,0,0):FTR0
(1,40,1,5,3,0,1,2,2,0,1):FTR0
(1,40,1,5,3,0,1,2,2,0,2):FTR0
(1,40,1,5,3,0,1,2,2,0,3):FTR0
(1,40,1,5,3,0,1,2,6,0,0):FTR0
(1,40,1,5,3,0,1,2,6,0,1):FTR0
(1,40,1,5,3,0,1,2,6,0,2):FTR0
(1,40,1,5,3,0,1,2,6,0,3):FTR0
(1,40,1,5,3,0,2,2,2,0,0):FTR0
(1,40,1,5,3,0,2,2,2,0,1):FTR0
(1,40,1,5,3,0,2,2,2,0,2):FTR0
(1,40,1,5,3,0,2,2,2,0,3):FTR0
(1,40,1,5,3,0,2,2,6,0,0):FTR0
(1,40,1,5,3,0,2,2,6,0,1):FTR0
(1,40,1,5,3,0,2,2,6,0,2):FTR0
(1,40,1,5,3,0,2,2,6,0,3):FTR0
(1,40,5,3,2,0,0,1,6,0,0):FTR0
(1,40,5,3,2,0,0,1,6,0,1):FTR0
(1,40,5,3,2,0,0,1,6,0,2):FTR0
(1,40,5,3,2,0,0,1,6,0,3):FTR0
(1,40,5,3,2,0,0,2,6,0,0):FTR0
(1,40,5,3,2,0,0,2,6,0,1):FTR0
(1,40,5,3,2,0,0,2,6,0,2):FTR0
(1,40,5,3,2,0,0,2,6,0,3):FTR0
(1,40,5,3,2,0,1,2,6,0,0):FTR0
(1,40,5,3,2,0,1,2,6,0,1):FTR0
(1,40,5,3,2,0,1,2,6,0,2):FTR0
(1,40,5,3,2,0,1,2,6,0,3):FTR0
(1,40,5,3,2,0,2,2,2,0,0):FTR0
(1,40,5,3,2,0,2,2,2,0,1):FTR0
(1,40,5,3,2,0,2,2,2,0,2):FTR0
(1,40,5,3,2,0,2,2,2,0,3):FTR0
(1,40,5,3,2,0,2,2,6,0,0):FTR0
(1,40,5,3,2,0,2,2,6,0,1):FTR0
(1,40,5,3,2,0,2,2,6,0,2):FTR0
(1,40,5,3,2,0,2,2,6,0,3):FTR0
(1,40,5,5,3,0,0,1,6,0,0):FTR0
(1,40,5,5,3,0,0,1,6,0,1):FTR0
(1,40,5,5,3,0,0,1,6,0,2):FTR0
(1,40,5,5,3,0,0,1,6,0,3):FTR0
(1,40,5,5,3,0,0,2,6,0,0):FTR0
(1,40,5,5,3,0,0,2,6,0,1):FTR0
(1,40,5,5,3,0,0,2,6,0,2):FTR0
(1,40,5,5,3,0,0,2,6,0,3):FTR0
(1,40,5,5,3,0,1,2,6,0,0):FTR0
(1,40,5,5,3,0,1,2,6,0,1):FTR0
(1,40,5,5,3,0,1,2,6,0,2):FTR0
(1,40,5,5,3,0,1,2,6,0,3):FTR0
(1,40,5,5,3,0,2,2,2,0,0):FTR0
(1,40,5,5,3,0,2,2,2,0,1):FTR0
(1,40,5,5,3,0,2,2,2,0,2):FTR0
(1,40,5,5,3,0,2,2,2,0,3):FTR0
(1,40,5,5,3,0,2,2,6,0,0):FTR0
(1,40,5,5,3,0,2,2,6,0,1):FTR0
(1,40,5,5,3,0,2,2,6,0,2):FTR0
(1,40,5,5,3,0,2,2,6,0,3):FTR0
(1,60,0,1,1,0,0,0,2,0,4):FTR0
(1,60,0,3,2,0,0,0,2,0,0):FTR0
(1,60,0,3,2,0,0,0,2,0,2):FTR0
(1,60,0,3,2,0,0,0,2,0,3):FTR0
(1,60,0,5,3,0,0,0,2,0,0):FTR0
(1,60,0,5,3,0,0,0,2,0,2):FTR0
(1,60,0,5,3,0,0,0,2,0,3):FTR0
(1,60,0,5,3,0,0,1,2,0,0):FTR0
(1,60,0,5,3,0,0,1,2,0,2):FTR0
(1,60,0,5,3,0,0,1,2,0,3):FTR0
(1,60,0,5,3,0,0,1,6,0,0):FTR0
(1,60,0,5,3,0,0,1,6,0,2):FTR0
(1,60,0,5,3,0,0,1,6,0,3):FTR0
(1,60,0,5,3,0,0,2,2,0,0):FTR0
(1,60,0,5,3,0,0,2,2,0,2):FTR0
(1,60,0,5,3,0,0,2,2,0,3):FTR0
(1,60,0,5,3,0,0,2,6,0,0):FTR0
(1,60,0,5,3,0,0,2,6,0,2):FTR0
(1,60,0,5,3,0,0,2,6,0,3):FTR0
(1,60,0,5,3,0,1,2,2,0,0):FTR0
(1,60,0,5,3,0,1,2,2,0,2):FTR0
(1,60,0,5,3,0,1,2,2,0,3):FTR0
(1,60,0,5,3,0,1,2,6,0,0):FTR0
(1,60,0,5,3,0,1,2,6,0,2):FTR0
(1,60,0,5,3,0,1,2,6,0,3):FTR0
(1,60,0,5,3,0,2,2,2,0,0):FTR0
(1,60,0,5,3,0,2,2,2,0,2):FTR0
(1,60,0,5,3,0,2,2,2,0,3):FTR0
(1,60,0,5,3,0,2,2,6,0,0):FTR0
(1,60,0,5,3,0,2,2,6,0,2):FTR0
(1,60,0,5,3,0,2,2,6,0,3):FTR0
(1,60,1,3,2,0,0,1,2,0,0):FTR0
(1,60,1,3,2,0,0,1,2,0,1):FTR0
(1,60,1,3,2,0,0,1,2,0,2):FTR0
(1,60,1,3,2,0,0,1,2,0,3):FTR0
(1,60,1,3,2,0,0,2,2,0,0):FTR0
(1,60,1,3,2,0,0,2,2,0,1):FTR0
(1,60,1,3,2,0,0,2,2,0,2):FTR0
(1,60,1,3,2,0,0,2,2,0,3):FTR0
(1,60,1,3,2,0,1,2,2,0,0):FTR0
(1,60,1,3,2,0,1,2,2,0,1):FTR0
(1,60,1,3,2,0,1,2,2,0,2):FTR0
(1,60,1,3,2,0,1,2,2,0,3):FTR0
(1,60,1,3,2,0,2,2,2,0,0):FTR0
(1,60,1,3,2,0,2,2,2,0,1):FTR0
(1,60,1,3,2,0,2,2,2,0,2):FTR0
(1,60,1,3,2,0,2,2,2,0,3):FTR0
(1,60,1,5,3,0,0,1,2,0,0):FTR0
(1,60,1,5,3,0,0,1,2,0,1):FTR0
(1,60,1,5,3,0,0,1,2,0,2):FTR0
(1,60,1,5,3,0,0,1,2,0,3):FTR0
(1,60,1,5,3,0,0,1,6,0,0):FTR0
(1,60,1,5,3,0,0,1,6,0,1):FTR0
(1,60,1,5,3,0,0,1,6,0,2):FTR0
(1,60,1,5,3,0,0,1,6,0,3):FTR0
(1,60,1,5,3,0,0,2,2,0,0):FTR0
(1,60,1,5,3,0,0,2,2,0,1):FTR0
(1,60,1,5,3,0,0,2,2,0,2):FTR0
(1,60,1,5,3,0,0,2,2,0,3):FTR0
(1,60,1,5,3,0,0,2,6,0,0):FTR0
(1,60,1,5,3,0,0,2,6,0,1):FTR0
(1,60,1,5,3,0,0,2,6,0,2):FTR0
(1,60,1,5,3,0,0,2,6,0,3):FTR0
(1,60,1,5,3,0,1,2,2,0,0):FTR0
(1,60,1,5,3,0,1,2,2,0,1):FTR0
(1,60,1,5,3,0,1,2,2,0,2):FTR0
(1,60,1,5,3,0,1,2,2,0,3):FTR0
(1,60,1,5,3,0,1,2,6,0,0):FTR0
(1,60,1,5,3,0,1,2,6,0,1):FTR0
(1,60,1,5,3,0,1,2,6,0,2):FTR0
(1,60,1,5,3,0,1,2,6,0,3):FTR0
(1,60,1,5,3,0,2,2,2,0,0):FTR0
(1,60,1,5,3,0,2,2,2,0,1):FTR0
(1,60,1,5,3,0,2,2,2,0,2):FTR0
(1,60,1,5,3,0,2,2,2,0,3):FTR0
(1,60,1,5,3,0,2,2,6,0,0):FTR0
(1,60,1,5,3,0,2,2,6,0,1):FTR0
(1,60,1,5,3,0,2,2,6,0,2):FTR0
(1,60,1,5,3,0,2,2,6,0,3):FTR0
(1,60,5,3,2,0,0,1,6,0,0):FTR0
(1,60,5,3,2,0,0,1,6,0,1):FTR0
(1,60,5,3,2,0,0,1,6,0,2):FTR0
(1,60,5,3,2,0,0,1,6,0,3):FTR0
(1,60,5,3,2,0,0,2,6,0,0):FTR0
(1,60,5,3,2,0,0,2,6,0,1):FTR0
(1,60,5,3,2,0,0,2,6,0,2):FTR0
(1,60,5,3,2,0,0,2,6,0,3):FTR0
(1,60,5,3,2,0,1,2,6,0,0):FTR0
(1,60,5,3,2,0,1,2,6,0,1):FTR0
(1,60,5,3,2,0,1,2,6,0,2):FTR0
(1,60,5,3,2,0,1,2,6,0,3):FTR0
(1,60,5,3,2,0,2,2,2,0,0):FTR0
(1,60,5,3,2,0,2,2,2,0,1):FTR0
(1,60,5,3,2,0,2,2,2,0,2):FTR0
(1,60,5,3,2,0,2,2,2,0,3):FTR0
(1,60,5,3,2,0,2,2,6,0,0):FTR0
(1,60,5,3,2,0,2,2,6,0,1):FTR0
(1,60,5,3,2,0,2,2,6,0,2):FTR0
(1,60,5,3,2,0,2,2,6,0,3):FTR0
(1,60,5,5,3,0,0,1,6,0,0):FTR0
(1,60,5,5,3,0,0,1,6,0,1):FTR0
(1,60,5,5,3,0,0,1,6,0,2):FTR0
(1,60,5,5,3,0,0,1,6,0,3):FTR0
(1,60,5,5,3,0,0,2,6,0,0):FTR0
(1,60,5,5,3,0,0,2,6,0,1):FTR0
(1,60,5,5,3,0,0,2,6,0,2):FTR0
(1,60,5,5,3,0,0,2,6,0,3):FTR0
(1,60,5,5,3,0,1,2,6,0,0):FTR0
(1,60,5,5,3,0,1,2,6,0,1):FTR0
(1,60,5,5,3,0,1,2,6,0,2):FTR0
(1,60,5,5,3,0,1,2,6,0,3):FTR0
(1,60,5,5,3,0,2,2,2,0,0):FTR0
(1,60,5,5,3,0,2,2,2,0,1):FTR0
(1,60,5,5,3,0,2,2,2,0,2):FTR0
(1,60,5,5,3,0,2,2,2,0,3):FTR0
(1,60,5,5,3,0,2,2,6,0,0):FTR0
(1,60,5,5,3,0,2,2,6,0,1):FTR0
(1,60,5,5,3,0,2,2,6,0,2):FTR0
(1,60,5,5,3,0,2,2,6,0,3):FTR0
(1,80,0,1,1,0,0,0,2,0,4):FTR0
(1,80,0,3,2,0,0,0,2,0,0):FTR0
(1,80,0,3,2,0,0,0,2,0,2):FTR0
(1,80,0,3,2,0,0,0,2,0,3):FTR0
(1,80,0,5,3,0,0,0,2,0,0):FTR0
(1,80,0,5,3,0,0,0,2,0,2):FTR0
(1,80,0,5,3,0,0,0,2,0,3):FTR0
(1,80,0,5,3,0,0,1,2,0,0):FTR0
(1,80,0,5,3,0,0,1,2,0,2):FTR0
(1,80,0,5,3,0,0,1,2,0,3):FTR0
(1,80,0,5,3,0,0,1,6,0,0):FTR0
(1,80,0,5,3,0,0,1,6,0,2):FTR0
(1,80,0,5,3,0,0,1,6,0,3):FTR0
(1,80,0,5,3,0,0,2,2,0,0):FTR0
(1,80,0,5,3,0,0,2,2,0,2):FTR0
(1,80,0,5,3,0,0,2,2,0,3):FTR0
(1,80,0,5,3,0,0,2,6,0,0):FTR0
(1,80,0,5,3,0,0,2,6,0,2):FTR0
(1,80,0,5,3,0,0,2,6,0,3):FTR0
(1,80,0,5,3,0,1,2,2,0,0):FTR0
(1,80,0,5,3,0,1,2,2,0,2):FTR0
(1,80,0,5,3,0,1,2,2,0,3):FTR0
(1,80,0,5,3,0,1,2,6,0,0):FTR0
(1,80,0,5,3,0,1,2,6,0,2):FTR0
(1,80,0,5,3,0,1,2,6,0,3):FTR0
(1,80,0,5,3,0,2,2,2,0,0):FTR0
(1,80,0,5,3,0,2,2,2,0,2):FTR0
(1,80,0,5,3,0,2,2,2,0,3):FTR0
(1,80,0,5,3,0,2,2,6,0,0):FTR0
(1,80,0,5,3,0,2,2,6,0,2):FTR0
(1,80,0,5,3,0,2,2,6,0,3):FTR0
(1,80,1,3,2,0,0,1,2,0,0):FTR0
(1,80,1,3,2,0,0,1,2,0,1):FTR0
(1,80,1,3,2,0,0,1,2,0,2):FTR0
(1,80,1,3,2,0,0,1,2,0,3):FTR0
(1,80,1,3,2,0,0,2,2,0,0):FTR0
(1,80,1,3,2,0,0,2,2,0,1):FTR0
(1,80,1,3,2,0,0,2,2,0,2):FTR0
(1,80,1,3,2,0,0,2,2,0,3):FTR0
(1,80,1,3,2,0,1,2,2,0,0):FTR0
(1,80,1,3,2,0,1,2,2,0,1):FTR0
(1,80,1,3,2,0,1,2,2,0,2):FTR0
(1,80,1,3,2,0,1,2,2,0,3):FTR0
(1,80,1,3,2,0,2,2,2,0,0):FTR0
(1,80,1,3,2,0,2,2,2,0,1):FTR0
(1,80,1,3,2,0,2,2,2,0,2):FTR0
(1,80,1,3,2,0,2,2,2,0,3):FTR0
(1,80,1,5,3,0,0,1,2,0,0):FTR0
(1,80,1,5,3,0,0,1,2,0,1):FTR0
(1,80,1,5,3,0,0,1,2,0,2):FTR0
(1,80,1,5,3,0,0,1,2,0,3):FTR0
(1,80,1,5,3,0,0,1,6,0,0):FTR0
(1,80,1,5,3,0,0,1,6,0,1):FTR0
(1,80,1,5,3,0,0,1,6,0,2):FTR0
(1,80,1,5,3,0,0,1,6,0,3):FTR0
(1,80,1,5,3,0,0,2,2,0,0):FTR0
(1,80,1,5,3,0,0,2,2,0,1):FTR0
(1,80,1,5,3,0,0,2,2,0,2):FTR0
(1,80,1,5,3,0,0,2,2,0,3):FTR0
(1,80,1,5,3,0,0,2,6,0,0):FTR0
(1,80,1,5,3,0,0,2,6,0,1):FTR0
(1,80,1,5,3,0,0,2,6,0,2):FTR0
(1,80,1,5,3,0,0,2,6,0,3):FTR0
(1,80,1,5,3,0,1,2,2,0,0):FTR0
(1,80,1,5,3,0,1,2,2,0,1):FTR0
(1,80,1,5,3,0,1,2,2,0,2):FTR0
(1,80,1,5,3,0,1,2,2,0,3):FTR0
(1,80,1,5,3,0,1,2,6,0,0):FTR0
(1,80,1,5,3,0,1,2,6,0,1):FTR0
(1,80,1,5,3,0,1,2,6,0,2):FTR0
(1,80,1,5,3,0,1,2,6,0,3):FTR0
(1,80,1,5,3,0,2,2,2,0,0):FTR0
(1,80,1,5,3,0,2,2,2,0,1):FTR0
(1,80,1,5,3,0,2,2,2,0,2):FTR0
(1,80,1,5,3,0,2,2,2,0,3):FTR0
(1,80,1,5,3,0,2,2,6,0,0):FTR0
(1,80,1,5,3,0,2,2,6,0,1):FTR0
(1,80,1,5,3,0,2,2,6,0,2):FTR0
(1,80,1,5,3,0,2,2,6,0,3):FTR0
(1,80,5,3,2,0,0,1,6,0,0):FTR0
(1,80,5,3,2,0,0,1,6,0,1):FTR0
(1,80,5,3,2,0,0,1,6,0,2):FTR0
(1,80,5,3,2,0,0,1,6,0,3):FTR0
(1,80,5,3,2,0,0,2,6,0,0):FTR0
(1,80,5,3,2,0,0,2,6,0,1):FTR0
(1,80,5,3,2,0,0,2,6,0,2):FTR0
(1,80,5,3,2,0,0,2,6,0,3):FTR0
(1,80,5,3,2,0,1,2,6,0,0):FTR0
(1,80,5,3,2,0,1,2,6,0,1):FTR0
(1,80,5,3,2,0,1,2,6,0,2):FTR0
(1,80,5,3,2,0,1,2,6,0,3):FTR0
(1,80,5,3,2,0,2,2,2,0,0):FTR0
(1,80,5,3,2,0,2,2,2,0,1):FTR0
(1,80,5,3,2,0,2,2,2,0,2):FTR0
(1,80,5,3,2,0,2,2,2,0,3):FTR0
(1,80,5,3,2,0,2,2,6,0,0):FTR0
(1,80,5,3,2,0,2,2,6,0,1):FTR0
(1,80,5,3,2,0,2,2,6,0,2):FTR0
(1,80,5,3,2,0,2,2,6,0,3):FTR0
(1,80,5,5,3,0,0,1,6,0,0):FTR0
(1,80,5,5,3,0,0,1,6,0,1):FTR0
(1,80,5,5,3,0,0,1,6,0,2):FTR0
(1,80,5,5,3,0,0,1,6,0,3):FTR0
(1,80,5,5,3,0,0,2,6,0,0):FTR0
(1,80,5,5,3,0,0,2,6,0,1):FTR0
(1,80,5,5,3,0,0,2,6,0,2):FTR0
(1,80,5,5,3,0,0,2,6,0,3):FTR0
(1,80,5,5,3,0,1,2,6,0,0):FTR0
(1,80,5,5,3,0,1,2,6,0,1):FTR0
(1,80,5,5,3,0,1,2,6,0,2):FTR0
(1,80,5,5,3,0,1,2,6,0,3):FTR0
(1,80,5,5,3,0,2,2,2,0,0):FTR0
(1,80,5,5,3,0,2,2,2,0,1):FTR0
(1,80,5,5,3,0,2,2,2,0,2):FTR0
(1,80,5,5,3,0,2,2,2,0,3):FTR0
(1,80,5,5,3,0,2,2,6,0,0):FTR0
(1,80,5,5,3,0,2,2,6,0,1):FTR0
(1,80,5,5,3,0,2,2,6,0,2):FTR0
(1,80,5,5,3,0,2,2,6,0,3):FTR0
(1,100,0,1,1,0,0,0,2,0,4):FTR0
(1,100,0,3,2,0,0,0,2,0,0):FTR0
(1,100,0,3,2,0,0,0,2,0,2):FTR0
(1,100,0,3,2,0,0,0,2,0,3):FTR0
(1,100,0,5,3,0,0,0,2,0,0):FTR0
(1,100,0,5,3,0,0,0,2,0,2):FTR0
(1,100,0,5,3,0,0,0,2,0,3):FTR0
(1,100,0,5,3,0,0,1,2,0,0):FTR0
(1,100,0,5,3,0,0,1,2,0,2):FTR0
(1,100,0,5,3,0,0,1,2,0,3):FTR0
(1,100,0,5,3,0,0,1,6,0,0):FTR0
(1,100,0,5,3,0,0,1,6,0,2):FTR0
(1,100,0,5,3,0,0,1,6,0,3):FTR0
(1,100,0,5,3,0,0,2,2,0,0):FTR0
(1,100,0,5,3,0,0,2,2,0,2):FTR0
(1,100,0,5,3,0,0,2,2,0,3):FTR0
(1,100,0,5,3,0,0,2,6,0,0):FTR0
(1,100,0,5,3,0,0,2,6,0,2):FTR0
(1,100,0,5,3,0,0,2,6,0,3):FTR0
(1,100,0,5,3,0,1,2,2,0,0):FTR0
(1,100,0,5,3,0,1,2,2,0,2):FTR0
(1,100,0,5,3,0,1,2,2,0,3):FTR0
(1,100,0,5,3,0,1,2,6,0,0):FTR0
(1,100,0,5,3,0,1,2,6,0,2):FTR0
(1,100,0,5,3,0,1,2,6,0,3):FTR0
(1,100,0,5,3,0,2,2,2,0,0):FTR0
(1,100,0,5,3,0,2,2,2,0,2):FTR0
(1,100,0,5,3,0,2,2,2,0,3):FTR0
(1,100,0,5,3,0,2,2,6,0,0):FTR0
(1,100,0,5,3,0,2,2,6,0,2):FTR0
(1,100,0,5,3,0,2,2,6,0,3):FTR0
(1,100,1,3,2,0,0,1,2,0,0):FTR0
(1,100,1,3,2,0,0,1,2,0,1):FTR0
(1,100,1,3,2,0,0,1,2,0,2):FTR0
(1,100,1,3,2,0,0,1,2,0,3):FTR0
(1,100,1,3,2,0,0,2,2,0,0):FTR0
(1,100,1,3,2,0,0,2,2,0,1):FTR0
(1,100,1,3,2,0,0,2,2,0,2):FTR0
(1,100,1,3,2,0,0,2,2,0,3):FTR0
(1,100,1,3,2,0,1,2,2,0,0):FTR0
(1,100,1,3,2,0,1,2,2,0,1):FTR0
(1,100,1,3,2,0,1,2,2,0,2):FTR0
(1,100,1,3,2,0,1,2,2,0,3):FTR0
(1,100,1,3,2,0,2,2,2,0,0):FTR0
(1,100,1,3,2,0,2,2,2,0,1):FTR0
(1,100,1,3,2,0,2,2,2,0,2):FTR0
(1,100,1,3,2,0,2,2,2,0,3):FTR0
(1,100,1,5,3,0,0,1,2,0,0):FTR0
(1,100,1,5,3,0,0,1,2,0,1):FTR0
(1,100,1,5,3,0,0,1,2,0,2):FTR0
(1,100,1,5,3,0,0,1,2,0,3):FTR0
(1,100,1,5,3,0,0,1,6,0,0):FTR0
(1,100,1,5,3,0,0,1,6,0,1):FTR0
(1,100,1,5,3,0,0,1,6,0,2):FTR0
(1,100,1,5,3,0,0,1,6,0,3):FTR0
(1,100,1,5,3,0,0,2,2,0,0):FTR0
(1,100,1,5,3,0,0,2,2,0,1):FTR0
(1,100,1,5,3,0,0,2,2,0,2):FTR0
(1,100,1,5,3,0,0,2,2,0,3):FTR0
(1,100,1,5,3,0,0,2,6,0,0):FTR0
(1,100,1,5,3,0,0,2,6,0,1):FTR0
(1,100,1,5,3,0,0,2,6,0,2):FTR0
(1,100,1,5,3,0,0,2,6,0,3):FTR0
(1,100,1,5,3,0,1,2,2,0,0):FTR0
(1,100,1,5,3,0,1,2,2,0,1):FTR0
(1,100,1,5,3,0,1,2,2,0,2):FTR0
(1,100,1,5,3,0,1,2,2,0,3):FTR0
(1,100,1,5,3,0,1,2,6,0,0):FTR0
(1,100,1,5,3,0,1,2,6,0,1):FTR0
(1,100,1,5,3,0,1,2,6,0,2):FTR0
(1,100,1,5,3,0,1,2,6,0,3):FTR0
(1,100,1,5,3,0,2,2,2,0,0):FTR0
(1,100,1,5,3,0,2,2,2,0,1):FTR0
(1,100,1,5,3,0,2,2,2,0,2):FTR0
(1,100,1,5,3,0,2,2,2,0,3):FTR0
(1,100,1,5,3,0,2,2,6,0,0):FTR0
(1,100,1,5,3,0,2,2,6,0,1):FTR0
(1,100,1,5,3,0,2,2,6,0,2):FTR0
(1,100,1,5,3,0,2,2,6,0,3):FTR0
(1,100,5,3,2,0,0,1,6,0,0):FTR0
(1,100,5,3,2,0,0,1,6,0,1):FTR0
(1,100,5,3,2,0,0,1,6,0,2):FTR0
(1,100,5,3,2,0,0,1,6,0,3):FTR0
(1,100,5,3,2,0,0,2,6,0,0):FTR0
(1,100,5,3,2,0,0,2,6,0,1):FTR0
(1,100,5,3,2,0,0,2,6,0,2):FTR0
(1,100,5,3,2,0,0,2,6,0,3):FTR0
(1,100,5,3,2,0,1,2,6,0,0):FTR0
(1,100,5,3,2,0,1,2,6,0,1):FTR0
(1,100,5,3,2,0,1,2,6,0,2):FTR0
(1,100,5,3,2,0,1,2,6,0,3):FTR0
(1,100,5,3,2,0,2,2,2,0,0):FTR0
(1,100,5,3,2,0,2,2,2,0,1):FTR0
(1,100,5,3,2,0,2,2,2,0,2):FTR0
(1,100,5,3,2,0,2,2,2,0,3):FTR0
(1,100,5,3,2,0,2,2,6,0,0):FTR0
(1,100,5,3,2,0,2,2,6,0,1):FTR0
(1,100,5,3,2,0,2,2,6,0,2):FTR0
(1,100,5,3,2,0,2,2,6,0,3):FTR0
(1,100,5,5,3,0,0,1,6,0,0):FTR0
(1,100,5,5,3,0,0,1,6,0,1):FTR0
(1,100,5,5,3,0,0,1,6,0,2):FTR0
(1,100,5,5,3,0,0,1,6,0,3):FTR0
(1,100,5,5,3,0,0,2,6,0,0):FTR0
(1,100,5,5,3,0,0,2,6,0,1):FTR0
(1,100,5,5,3,0,0,2,6,0,2):FTR0
(1,100,5,5,3,0,0,2,6,0,3):FTR0
(1,100,5,5,3,0,1,2,6,0,0):FTR0
(1,100,5,5,3,0,1,2,6,0,1):FTR0
(1,100,5,5,3,0,1,2,6,0,2):FTR0
(1,100,5,5,3,0,1,2,6,0,3):FTR0
(1,100,5,5,3,0,2,2,2,0,0):FTR0
(1,100,5,5,3,0,2,2,2,0,1):FTR0
(1,100,5,5,3,0,2,2,2,0,2):FTR0
(1,100,5,5,3,0,2,2,2,0,3):FTR0
(1,100,5,5,3,0,2,2,6,0,0):FTR0
(1,100,5,5,3,0,2,2,6,0,1):FTR0
(1,100,5,5,3,0,2,2,6,0,2):FTR0
(1,100,5,5,3,0,2,2,6,0,3):FTR0
(2,0,0,8,0,1,0,0,2,0,0):null
(2,0,0,8,0,1,0,0,2,0,2):null
(2,0,0,8,0,1,0,0,2,0,3):null
(2,0,0,8,0,1,0,1,2,0,0):null
(2,0,0,8,0,1,0,1,2,0,1):null
(2,0,0,8,0,1,0,1,2,0,2):null
(2,0,0,8,0,1,0,1,2,0,3):null
(2,0,0,8,0,1,0,1,6,0,0):null
(2,0,0,8,0,1,0,1,6,0,1):null
(2,0,0,8,0,1,0,1,6,0,2):null
(2,0,0,8,0,1,0,1,6,0,3):null
(2,0,0,8,0,1,0,2,2,0,0):null
(2,0,0,8,0,1,0,2,2,0,1):null
(2,0,0,8,0,1,0,2,2,0,2):null
(2,0,0,8,0,1,0,2,2,0,3):null
(2,0,0,8,0,1,0,2,6,0,0):null
(2,0,0,8,0,1,0,2,6,0,1):null
(2,0,0,8,0,1,0,2,6,0,2):null
(2,0,0,8,0,1,0,2,6,0,3):null
(2,0,0,8,0,1,1,2,2,0,0):null
(2,0,0,8,0,1,1,2,2,0,1):null
(2,0,0,8,0,1,1,2,2,0,2):null
(2,0,0,8,0,1,1,2,2,0,3):null
(2,0,0,8,0,1,1,2,6,0,0):null
(2,0,0,8,0,1,1,2,6,0,1):null
(2,0,0,8,0,1,1,2,6,0,2):null
(2,0,0,8,0,1,1,2,6,0,3):null
(2,0,0,8,0,1,2,2,2,0,0):null
(2,0,0,8,0,1,2,2,2,0,1):null
(2,0,0,8,0,1,2,2,2,0,2):null
(2,0,0,8,0,1,2,2,2,0,3):null
(2,0,0,8,0,1,2,2,6,0,0):null
(2,0,0,8,0,1,2,2,6,0,1):null
(2,0,0,8,0,1,2,2,6,0,2):null
(2,0,0,8,0,1,2,2,6,0,3):null
(2,0,1,8,0,1,0,0,2,0,0):null
(2,0,1,8,0,1,0,0,2,0,1):null
(2,0,1,8,0,1,0,0,2,0,2):null
(2,0,1,8,0,1,0,0,2,0,3):null
(2,0,1,8,0,1,0,0,6,0,0):null
(2,0,1,8,0,1,0,0,6,0,1):null
(2,0,1,8,0,1,0,0,6,0,2):null
(2,0,1,8,0,1,0,0,6,0,3):null
(2,0,1,8,0,1,0,1,2,0,0):null
(2,0,1,8,0,1,0,1,2,0,1):null
(2,0,1,8,0,1,0,1,2,0,2):null
(2,0,1,8,0,1,0,1,2,0,3):null
(2,0,1,8,0,1,0,1,6,0,0):null
(2,0,1,8,0,1,0,1,6,0,1):null
(2,0,1,8,0,1,0,1,6,0,2):null
(2,0,1,8,0,1,0,1,6,0,3):null
(2,0,1,8,0,1,0,2,2,0,0):null
(2,0,1,8,0,1,0,2,2,0,1):null
(2,0,1,8,0,1,0,2,2,0,2):null
(2,0,1,8,0,1,0,2,2,0,3):null
(2,0,1,8,0,1,0,2,6,0,0):null
(2,0,1,8,0,1,0,2,6,0,1):null
(2,0,1,8,0,1,0,2,6,0,2):null
(2,0,1,8,0,1,0,2,6,0,3):null
(2,0,1,8,0,1,1,0,2,0,0):null
(2,0,1,8,0,1,1,0,2,0,1):null
(2,0,1,8,0,1,1,0,2,0,2):null
(2,0,1,8,0,1,1,0,2,0,3):null
(2,0,1,8,0,1,1,0,6,0,0):null
(2,0,1,8,0,1,1,0,6,0,1):null
(2,0,1,8,0,1,1,0,6,0,2):null
(2,0,1,8,0,1,1,0,6,0,3):null
(2,0,1,8,0,1,1,1,2,0,0):null
(2,0,1,8,0,1,1,1,2,0,1):null
(2,0,1,8,0,1,1,1,2,0,2):null
(2,0,1,8,0,1,1,1,2,0,3):null
(2,0,1,8,0,1,1,1,6,0,0):null
(2,0,1,8,0,1,1,1,6,0,1):null
(2,0,1,8,0,1,1,1,6,0,2):null
(2,0,1,8,0,1,1,1,6,0,3):null
(2,0,1,8,0,1,1,2,2,0,0):null
(2,0,1,8,0,1,1,2,2,0,1):null
(2,0,1,8,0,1,1,2,2,0,2):null
(2,0,1,8,0,1,1,2,2,0,3):null
(2,0,1,8,0,1,1,2,6,0,0):null
(2,0,1,8,0,1,1,2,6,0,1):null
(2,0,1,8,0,1,1,2,6,0,2):null
(2,0,1,8,0,1,1,2,6,0,3):null
(2,0,1,8,0,1,2,0,2,0,0):null
(2,0,1,8,0,1,2,0,2,0,1):null
(2,0,1,8,0,1,2,0,2,0,2):null
(2,0,1,8,0,1,2,0,2,0,3):null
(2,0,1,8,0,1,2,0,6,0,0):null
(2,0,1,8,0,1,2,0,6,0,1):null
(2,0,1,8,0,1,2,0,6,0,2):null
(2,0,1,8,0,1,2,0,6,0,3):null
(2,0,1,8,0,1,2,1,2,0,0):null
(2,0,1,8,0,1,2,1,2,0,1):null
(2,0,1,8,0,1,2,1,2,0,2):null
(2,0,1,8,0,1,2,1,2,0,3):null
(2,0,1,8,0,1,2,1,6,0,0):null
(2,0,1,8,0,1,2,1,6,0,1):null
(2,0,1,8,0,1,2,1,6,0,2):null
(2,0,1,8,0,1,2,1,6,0,3):null
(2,0,1,8,0,1,2,2,2,0,0):null
(2,0,1,8,0,1,2,2,2,0,1):null
(2,0,1,8,0,1,2,2,2,0,2):null
(2,0,1,8,0,1,2,2,2,0,3):null
(2,0,1,8,0,1,2,2,6,0,0):null
(2,0,1,8,0,1,2,2,6,0,1):null
(2,0,1,8,0,1,2,2,6,0,2):null
(2,0,1,8,0,1,2,2,6,0,3):null
(2,0,5,8,0,1,0,0,2,0,0):null
(2,0,5,8,0,1,0,0,2,0,1):null
(2,0,5,8,0,1,0,0,2,0,2):null
(2,0,5,8,0,1,0,0,2,0,3):null
(2,0,5,8,0,1,0,0,4,0,0):null
(2,0,5,8,0,1,0,0,4,0,1):null
(2,0,5,8,0,1,0,0,4,0,2):null
(2,0,5,8,0,1,0,0,4,0,3):null
(2,0,5,8,0,1,0,0,6,0,0):null
(2,0,5,8,0,1,0,0,6,0,1):null
(2,0,5,8,0,1,0,0,6,0,2):null
(2,0,5,8,0,1,0,0,6,0,3):null
(2,0,5,8,0,1,0,1,2,0,0):null
(2,0,5,8,0,1,0,1,2,0,1):null
(2,0,5,8,0,1,0,1,2,0,2):null
(2,0,5,8,0,1,0,1,2,0,3):null
(2,0,5,8,0,1,0,1,4,0,0):null
(2,0,5,8,0,1,0,1,4,0,1):null
(2,0,5,8,0,1,0,1,4,0,2):null
(2,0,5,8,0,1,0,1,4,0,3):null
(2,0,5,8,0,1,0,1,6,0,0):null
(2,0,5,8,0,1,0,1,6,0,1):null
(2,0,5,8,0,1,0,1,6,0,2):null
(2,0,5,8,0,1,0,1,6,0,3):null
(2,0,5,8,0,1,0,2,2,0,0):null
(2,0,5,8,0,1,0,2,2,0,1):null
(2,0,5,8,0,1,0,2,2,0,2):null
(2,0,5,8,0,1,0,2,2,0,3):null
(2,0,5,8,0,1,0,2,4,0,0):null
(2,0,5,8,0,1,0,2,4,0,1):null
(2,0,5,8,0,1,0,2,4,0,2):null
(2,0,5,8,0,1,0,2,4,0,3):null
(2,0,5,8,0,1,0,2,6,0,0):null
(2,0,5,8,0,1,0,2,6,0,1):null
(2,0,5,8,0,1,0,2,6,0,2):null
(2,0,5,8,0,1,0,2,6,0,3):null
(2,0,5,8,0,1,1,0,2,0,0):null
(2,0,5,8,0,1,1,0,2,0,1):null
(2,0,5,8,0,1,1,0,2,0,2):null
(2,0,5,8,0,1,1,0,2,0,3):null
(2,0,5,8,0,1,1,0,4,0,0):null
(2,0,5,8,0,1,1,0,4,0,1):null
(2,0,5,8,0,1,1,0,4,0,2):null
(2,0,5,8,0,1,1,0,4,0,3):null
(2,0,5,8,0,1,1,0,6,0,0):null
(2,0,5,8,0,1,1,0,6,0,1):null
(2,0,5,8,0,1,1,0,6,0,2):null
(2,0,5,8,0,1,1,0,6,0,3):null
(2,0,5,8,0,1,1,1,2,0,0):null
(2,0,5,8,0,1,1,1,2,0,1):null
(2,0,5,8,0,1,1,1,2,0,2):null
(2,0,5,8,0,1,1,1,2,0,3):null
(2,0,5,8,0,1,1,1,4,0,0):null
(2,0,5,8,0,1,1,1,4,0,1):null
(2,0,5,8,0,1,1,1,4,0,2):null
(2,0,5,8,0,1,1,1,4,0,3):null
(2,0,5,8,0,1,1,1,6,0,0):null
(2,0,5,8,0,1,1,1,6,0,1):null
(2,0,5,8,0,1,1,1,6,0,2):null
(2,0,5,8,0,1,1,1,6,0,3):null
(2,0,5,8,0,1,1,2,2,0,0):null
(2,0,5,8,0,1,1,2,2,0,1):null
(2,0,5,8,0,1,1,2,2,0,2):null
(2,0,5,8,0,1,1,2,2,0,3):null
(2,0,5,8,0,1,1,2,4,0,0):null
(2,0,5,8,0,1,1,2,4,0,1):null
(2,0,5,8,0,1,1,2,4,0,2):null
(2,0,5,8,0,1,1,2,4,0,3):null
(2,0,5,8,0,1,1,2,6,0,0):null
(2,0,5,8,0,1,1,2,6,0,1):null
(2,0,5,8,0,1,1,2,6,0,2):null
(2,0,5,8,0,1,1,2,6,0,3):null
(2,0,5,8,0,1,2,0,2,0,0):null
(2,0,5,8,0,1,2,0,2,0,1):null
(2,0,5,8,0,1,2,0,2,0,2):null
(2,0,5,8,0,1,2,0,2,0,3):null
(2,0,5,8,0,1,2,0,4,0,0):null
(2,0,5,8,0,1,2,0,4,0,1):null
(2,0,5,8,0,1,2,0,4,0,2):null
(2,0,5,8,0,1,2,0,4,0,3):null
(2,0,5,8,0,1,2,0,6,0,0):null
(2,0,5,8,0,1,2,0,6,0,1):null
(2,0,5,8,0,1,2,0,6,0,2):null
(2,0,5,8,0,1,2,0,6,0,3):null
(2,0,5,8,0,1,2,1,2,0,0):null
(2,0,5,8,0,1,2,1,2,0,1):null
(2,0,5,8,0,1,2,1,2,0,2):null
(2,0,5,8,0,1,2,1,2,0,3):null
(2,0,5,8,0,1,2,1,4,0,0):null
(2,0,5,8,0,1,2,1,4,0,1):null
(2,0,5,8,0,1,2,1,4,0,2):null
(2,0,5,8,0,1,2,1,4,0,3):null
(2,0,5,8,0,1,2,1,6,0,0):null
(2,0,5,8,0,1,2,1,6,0,1):null
(2,0,5,8,0,1,2,1,6,0,2):null
(2,0,5,8,0,1,2,1,6,0,3):null
(2,0,5,8,0,1,2,2,2,0,0):null
(2,0,5,8,0,1,2,2,2,0,1):null
(2,0,5,8,0,1,2,2,2,0,2):null
(2,0,5,8,0,1,2,2,2,0,3):null
(2,0,5,8,0,1,2,2,4,0,0):null
(2,0,5,8,0,1,2,2,4,0,1):null
(2,0,5,8,0,1,2,2,4,0,2):null
(2,0,5,8,0,1,2,2,4,0,3):null
(2,0,5,8,0,1,2,2,6,0,0):null
(2,0,5,8,0,1,2,2,6,0,1):null
(2,0,5,8,0,1,2,2,6,0,2):null
(2,0,5,8,0,1,2,2,6,0,3):null
(2,20,0,2,1,0,0,0,2,0,1):null
(2,20,0,2,1,0,0,0,2,0,4):null
(2,20,0,4,2,0,0,0,2,0,0):null
(2,20,0,4,2,0,0,0,2,0,1):null
(2,20,0,4,2,0,0,0,2,0,2):null
(2,20,0,4,2,0,0,0,2,0,3):null
(2,20,0,4,2,0,0,1,2,0,0):null
(2,20,0,4,2,0,0,1,2,0,1):null
(2,20,0,4,2,0,0,1,2,0,2):null
(2,20,0,4,2,0,0,1,2,0,3):null
(2,20,0,4,2,0,0,1,6,0,0):null
(2,20,0,4,2,0,0,1,6,0,1):null
(2,20,0,4,2,0,0,1,6,0,2):null
(2,20,0,4,2,0,0,1,6,0,3):null
(2,20,0,4,2,0,0,2,2,0,0):null
(2,20,0,4,2,0,0,2,2,0,1):null
(2,20,0,4,2,0,0,2,2,0,2):null
(2,20,0,4,2,0,0,2,2,0,3):null
(2,20,0,4,2,0,0,2,6,0,0):null
(2,20,0,4,2,0,0,2,6,0,1):null
(2,20,0,4,2,0,0,2,6,0,2):null
(2,20,0,4,2,0,0,2,6,0,3):null
(2,20,0,4,2,0,1,2,2,0,0):null
(2,20,0,4,2,0,1,2,2,0,1):null
(2,20,0,4,2,0,1,2,2,0,2):null
(2,20,0,4,2,0,1,2,2,0,3):null
(2,20,0,4,2,0,1,2,6,0,0):null
(2,20,0,4,2,0,1,2,6,0,1):null
(2,20,0,4,2,0,1,2,6,0,2):null
(2,20,0,4,2,0,1,2,6,0,3):null
(2,20,0,4,2,0,2,2,2,0,0):null
(2,20,0,4,2,0,2,2,2,0,1):null
(2,20,0,4,2,0,2,2,2,0,2):null
(2,20,0,4,2,0,2,2,2,0,3):null
(2,20,0,4,2,0,2,2,6,0,0):null
(2,20,0,4,2,0,2,2,6,0,1):null
(2,20,0,4,2,0,2,2,6,0,2):null
(2,20,0,4,2,0,2,2,6,0,3):null
(2,20,0,6,3,0,0,0,2,0,0):null
(2,20,0,6,3,0,0,0,2,0,1):null
(2,20,0,6,3,0,0,0,2,0,2):null
(2,20,0,6,3,0,0,0,2,0,3):null
(2,20,0,6,3,0,0,1,2,0,0):null
(2,20,0,6,3,0,0,1,2,0,1):null
(2,20,0,6,3,0,0,1,2,0,2):null
(2,20,0,6,3,0,0,1,2,0,3):null
(2,20,0,6,3,0,0,1,6,0,0):null
(2,20,0,6,3,0,0,1,6,0,1):null
(2,20,0,6,3,0,0,1,6,0,2):null
(2,20,0,6,3,0,0,1,6,0,3):null
(2,20,0,6,3,0,0,2,2,0,0):null
(2,20,0,6,3,0,0,2,2,0,1):null
(2,20,0,6,3,0,0,2,2,0,2):null
(2,20,0,6,3,0,0,2,2,0,3):null
(2,20,0,6,3,0,0,2,6,0,0):null
(2,20,0,6,3,0,0,2,6,0,1):null
(2,20,0,6,3,0,0,2,6,0,2):null
(2,20,0,6,3,0,0,2,6,0,3):null
(2,20,0,6,3,0,1,2,2,0,0):null
(2,20,0,6,3,0,1,2,2,0,1):null
(2,20,0,6,3,0,1,2,2,0,2):null
(2,20,0,6,3,0,1,2,2,0,3):null
(2,20,0,6,3,0,1,2,6,0,0):null
(2,20,0,6,3,0,1,2,6,0,1):null
(2,20,0,6,3,0,1,2,6,0,2):null
(2,20,0,6,3,0,1,2,6,0,3):null
(2,20,0,6,3,0,2,2,2,0,0):null
(2,20,0,6,3,0,2,2,2,0,1):null
(2,20,0,6,3,0,2,2,2,0,2):null
(2,20,0,6,3,0,2,2,2,0,3):null
(2,20,0,6,3,0,2,2,6,0,0):null
(2,20,0,6,3,0,2,2,6,0,1):null
(2,20,0,6,3,0,2,2,6,0,2):null
(2,20,0,6,3,0,2,2,6,0,3):null
(2,20,1,2,1,0,0,0,2,0,4):null
(2,20,1,2,1,0,0,1,2,0,4):null
(2,20,1,2,1,0,0,2,2,0,4):null
(2,20,1,2,1,0,1,0,2,0,4):null
(2,20,1,2,1,0,1,1,2,0,4):null
(2,20,1,2,1,0,1,2,2,0,4):null
(2,20,1,2,1,0,2,0,2,0,4):null
(2,20,1,2,1,0,2,1,2,0,4):null
(2,20,1,2,1,0,2,2,2,0,4):null
(2,20,1,4,2,0,0,0,2,0,0):null
(2,20,1,4,2,0,0,0,2,0,1):null
(2,20,1,4,2,0,0,0,2,0,2):null
(2,20,1,4,2,0,0,0,2,0,3):null
(2,20,1,4,2,0,0,0,6,0,0):null
(2,20,1,4,2,0,0,0,6,0,1):null
(2,20,1,4,2,0,0,0,6,0,2):null
(2,20,1,4,2,0,0,0,6,0,3):null
(2,20,1,4,2,0,0,1,2,0,0):null
(2,20,1,4,2,0,0,1,2,0,1):null
(2,20,1,4,2,0,0,1,2,0,2):null
(2,20,1,4,2,0,0,1,2,0,3):null
(2,20,1,4,2,0,0,1,6,0,0):null
(2,20,1,4,2,0,0,1,6,0,1):null
(2,20,1,4,2,0,0,1,6,0,2):null
(2,20,1,4,2,0,0,1,6,0,3):null
(2,20,1,4,2,0,0,2,2,0,0):null
(2,20,1,4,2,0,0,2,2,0,1):null
(2,20,1,4,2,0,0,2,2,0,2):null
(2,20,1,4,2,0,0,2,2,0,3):null
(2,20,1,4,2,0,0,2,6,0,0):null
(2,20,1,4,2,0,0,2,6,0,1):null
(2,20,1,4,2,0,0,2,6,0,2):null
(2,20,1,4,2,0,0,2,6,0,3):null
(2,20,1,4,2,0,1,0,2,0,0):null
(2,20,1,4,2,0,1,0,2,0,1):null
(2,20,1,4,2,0,1,0,2,0,2):null
(2,20,1,4,2,0,1,0,2,0,3):null
(2,20,1,4,2,0,1,0,6,0,0):null
(2,20,1,4,2,0,1,0,6,0,1):null
(2,20,1,4,2,0,1,0,6,0,2):null
(2,20,1,4,2,0,1,0,6,0,3):null
(2,20,1,4,2,0,1,1,2,0,0):null
(2,20,1,4,2,0,1,1,2,0,1):null
(2,20,1,4,2,0,1,1,2,0,2):null
(2,20,1,4,2,0,1,1,2,0,3):null
(2,20,1,4,2,0,1,1,6,0,0):null
(2,20,1,4,2,0,1,1,6,0,1):null
(2,20,1,4,2,0,1,1,6,0,2):null
(2,20,1,4,2,0,1,1,6,0,3):null
(2,20,1,4,2,0,1,2,2,0,0):null
(2,20,1,4,2,0,1,2,2,0,1):null
(2,20,1,4,2,0,1,2,2,0,2):null
(2,20,1,4,2,0,1,2,2,0,3):null
(2,20,1,4,2,0,1,2,6,0,0):null
(2,20,1,4,2,0,1,2,6,0,1):null
(2,20,1,4,2,0,1,2,6,0,2):null
(2,20,1,4,2,0,1,2,6,0,3):null
(2,20,1,4,2,0,2,0,2,0,0):null
(2,20,1,4,2,0,2,0,2,0,1):null
(2,20,1,4,2,0,2,0,2,0,2):null
(2,20,1,4,2,0,2,0,2,0,3):null
(2,20,1,4,2,0,2,0,6,0,0):null
(2,20,1,4,2,0,2,0,6,0,1):null
(2,20,1,4,2,0,2,0,6,0,2):null
(2,20,1,4,2,0,2,0,6,0,3):null
(2,20,1,4,2,0,2,1,2,0,0):null
(2,20,1,4,2,0,2,1,2,0,1):null
(2,20,1,4,2,0,2,1,2,0,2):null
(2,20,1,4,2,0,2,1,2,0,3):null
(2,20,1,4,2,0,2,1,6,0,0):null
(2,20,1,4,2,0,2,1,6,0,1):null
(2,20,1,4,2,0,2,1,6,0,2):null
(2,20,1,4,2,0,2,1,6,0,3):null
(2,20,1,4,2,0,2,2,2,0,0):null
(2,20,1,4,2,0,2,2,2,0,1):null
(2,20,1,4,2,0,2,2,2,0,2):null
(2,20,1,4,2,0,2,2,2,0,3):null
(2,20,1,4,2,0,2,2,6,0,0):null
(2,20,1,4,2,0,2,2,6,0,1):null
(2,20,1,4,2,0,2,2,6,0,2):null
(2,20,1,4,2,0,2,2,6,0,3):null
(2,20,1,6,3,0,0,0,2,0,0):null
(2,20,1,6,3,0,0,0,2,0,1):null
(2,20,1,6,3,0,0,0,2,0,2):null
(2,20,1,6,3,0,0,0,2,0,3):null
(2,20,1,6,3,0,0,0,6,0,0):null
(2,20,1,6,3,0,0,0,6,0,1):null
(2,20,1,6,3,0,0,0,6,0,2):null
(2,20,1,6,3,0,0,0,6,0,3):null
(2,20,1,6,3,0,0,1,2,0,0):null
(2,20,1,6,3,0,0,1,2,0,1):null
(2,20,1,6,3,0,0,1,2,0,2):null
(2,20,1,6,3,0,0,1,2,0,3):null
(2,20,1,6,3,0,0,1,6,0,0):null
(2,20,1,6,3,0,0,1,6,0,1):null
(2,20,1,6,3,0,0,1,6,0,2):null
(2,20,1,6,3,0,0,1,6,0,3):null
(2,20,1,6,3,0,0,2,2,0,0):null
(2,20,1,6,3,0,0,2,2,0,1):null
(2,20,1,6,3,0,0,2,2,0,2):null
(2,20,1,6,3,0,0,2,2,0,3):null
(2,20,1,6,3,0,0,2,6,0,0):null
(2,20,1,6,3,0,0,2,6,0,1):null
(2,20,1,6,3,0,0,2,6,0,2):null
(2,20,1,6,3,0,0,2,6,0,3):null
(2,20,1,6,3,0,1,0,2,0,0):null
(2,20,1,6,3,0,1,0,2,0,1):null
(2,20,1,6,3,0,1,0,2,0,2):null
(2,20,1,6,3,0,1,0,2,0,3):null
(2,20,1,6,3,0,1,0,6,0,0):null
(2,20,1,6,3,0,1,0,6,0,1):null
(2,20,1,6,3,0,1,0,6,0,2):null
(2,20,1,6,3,0,1,0,6,0,3):null
(2,20,1,6,3,0,1,1,2,0,0):null
(2,20,1,6,3,0,1,1,2,0,1):null
(2,20,1,6,3,0,1,1,2,0,2):null
(2,20,1,6,3,0,1,1,2,0,3):null
(2,20,1,6,3,0,1,1,6,0,0):null
(2,20,1,6,3,0,1,1,6,0,1):null
(2,20,1,6,3,0,1,1,6,0,2):null
(2,20,1,6,3,0,1,1,6,0,3):null
(2,20,1,6,3,0,1,2,2,0,0):null
(2,20,1,6,3,0,1,2,2,0,1):null
(2,20,1,6,3,0,1,2,2,0,2):null
(2,20,1,6,3,0,1,2,2,0,3):null
(2,20,1,6,3,0,1,2,6,0,0):null
(2,20,1,6,3,0,1,2,6,0,1):null
(2,20,1,6,3,0,1,2,6,0,2):null
(2,20,1,6,3,0,1,2,6,0,3):null
(2,20,1,6,3,0,2,0,2,0,0):null
(2,20,1,6,3,0,2,0,2,0,1):null
(2,20,1,6,3,0,2,0,2,0,2):null
(2,20,1,6,3,0,2,0,2,0,3):null
(2,20,1,6,3,0,2,0,6,0,0):null
(2,20,1,6,3,0,2,0,6,0,1):null
(2,20,1,6,3,0,2,0,6,0,2):null
(2,20,1,6,3,0,2,0,6,0,3):null
(2,20,1,6,3,0,2,1,2,0,0):null
(2,20,1,6,3,0,2,1,2,0,1):null
(2,20,1,6,3,0,2,1,2,0,2):null
(2,20,1,6,3,0,2,1,2,0,3):null
(2,20,1,6,3,0,2,1,6,0,0):null
(2,20,1,6,3,0,2,1,6,0,1):null
(2,20,1,6,3,0,2,1,6,0,2):null
(2,20,1,6,3,0,2,1,6,0,3):null
(2,20,1,6,3,0,2,2,2,0,0):null
(2,20,1,6,3,0,2,2,2,0,1):null
(2,20,1,6,3,0,2,2,2,0,2):null
(2,20,1,6,3,0,2,2,2,0,3):null
(2,20,1,6,3,0,2,2,6,0,0):null
(2,20,1,6,3,0,2,2,6,0,1):null
(2,20,1,6,3,0,2,2,6,0,2):null
(2,20,1,6,3,0,2,2,6,0,3):null
(2,20,5,2,1,0,0,0,2,0,4):null
(2,20,5,2,1,0,0,0,4,0,4):null
(2,20,5,2,1,0,0,0,6,0,4):null
(2,20,5,2,1,0,0,1,2,0,4):null
(2,20,5,2,1,0,0,1,4,0,4):null
(2,20,5,2,1,0,0,1,6,0,4):null
(2,20,5,2,1,0,0,2,2,0,4):null
(2,20,5,2,1,0,0,2,4,0,4):null
(2,20,5,2,1,0,0,2,6,0,4):null
(2,20,5,2,1,0,1,0,2,0,4):null
(2,20,5,2,1,0,1,0,4,0,4):null
(2,20,5,2,1,0,1,0,6,0,4):null
(2,20,5,2,1,0,1,1,2,0,4):null
(2,20,5,2,1,0,1,1,4,0,4):null
(2,20,5,2,1,0,1,1,6,0,4):null
(2,20,5,2,1,0,1,2,2,0,4):null
(2,20,5,2,1,0,1,2,4,0,4):null
(2,20,5,2,1,0,1,2,6,0,4):null
(2,20,5,2,1,0,2,0,2,0,4):null
(2,20,5,2,1,0,2,0,4,0,4):null
(2,20,5,2,1,0,2,0,6,0,4):null
(2,20,5,2,1,0,2,1,2,0,4):null
(2,20,5,2,1,0,2,1,4,0,4):null
(2,20,5,2,1,0,2,1,6,0,4):null
(2,20,5,2,1,0,2,2,2,0,4):null
(2,20,5,2,1,0,2,2,4,0,4):null
(2,20,5,2,1,0,2,2,6,0,4):null
(2,20,5,4,2,0,0,0,2,0,0):null
(2,20,5,4,2,0,0,0,2,0,1):null
(2,20,5,4,2,0,0,0,2,0,2):null
(2,20,5,4,2,0,0,0,2,0,3):null
(2,20,5,4,2,0,0,0,4,0,0):null
(2,20,5,4,2,0,0,0,4,0,1):null
(2,20,5,4,2,0,0,0,4,0,2):null
(2,20,5,4,2,0,0,0,4,0,3):null
(2,20,5,4,2,0,0,0,6,0,0):null
(2,20,5,4,2,0,0,0,6,0,1):null
(2,20,5,4,2,0,0,0,6,0,2):null
(2,20,5,4,2,0,0,0,6,0,3):null
(2,20,5,4,2,0,0,1,2,0,0):null
(2,20,5,4,2,0,0,1,2,0,1):null
(2,20,5,4,2,0,0,1,2,0,2):null
(2,20,5,4,2,0,0,1,2,0,3):null
(2,20,5,4,2,0,0,1,4,0,0):null
(2,20,5,4,2,0,0,1,4,0,1):null
(2,20,5,4,2,0,0,1,4,0,2):null
(2,20,5,4,2,0,0,1,4,0,3):null
(2,20,5,4,2,0,0,1,6,0,0):null
(2,20,5,4,2,0,0,1,6,0,1):null
(2,20,5,4,2,0,0,1,6,0,2):null
(2,20,5,4,2,0,0,1,6,0,3):null
(2,20,5,4,2,0,0,2,2,0,0):null
(2,20,5,4,2,0,0,2,2,0,1):null
(2,20,5,4,2,0,0,2,2,0,2):null
(2,20,5,4,2,0,0,2,2,0,3):null
(2,20,5,4,2,0,0,2,4,0,0):null
(2,20,5,4,2,0,0,2,4,0,1):null
(2,20,5,4,2,0,0,2,4,0,2):null
(2,20,5,4,2,0,0,2,4,0,3):null
(2,20,5,4,2,0,0,2,6,0,0):null
(2,20,5,4,2,0,0,2,6,0,1):null
(2,20,5,4,2,0,0,2,6,0,2):null
(2,20,5,4,2,0,0,2,6,0,3):null
(2,20,5,4,2,0,1,0,2,0,0):null
(2,20,5,4,2,0,1,0,2,0,1):null
(2,20,5,4,2,0,1,0,2,0,2):null
(2,20,5,4,2,0,1,0,2,0,3):null
(2,20,5,4,2,0,1,0,4,0,0):null
(2,20,5,4,2,0,1,0,4,0,1):null
(2,20,5,4,2,0,1,0,4,0,2):null
(2,20,5,4,2,0,1,0,4,0,3):null
(2,20,5,4,2,0,1,0,6,0,0):null
(2,20,5,4,2,0,1,0,6,0,1):null
(2,20,5,4,2,0,1,0,6,0,2):null
(2,20,5,4,2,0,1,0,6,0,3):null
(2,20,5,4,2,0,1,1,2,0,0):null
(2,20,5,4,2,0,1,1,2,0,1):null
(2,20,5,4,2,0,1,1,2,0,2):null
(2,20,5,4,2,0,1,1,2,0,3):null
(2,20,5,4,2,0,1,1,4,0,0):null
(2,20,5,4,2,0,1,1,4,0,1):null
(2,20,5,4,2,0,1,1,4,0,2):null
(2,20,5,4,2,0,1,1,4,0,3):null
(2,20,5,4,2,0,1,1,6,0,0):null
(2,20,5,4,2,0,1,1,6,0,1):null
(2,20,5,4,2,0,1,1,6,0,2):null
(2,20,5,4,2,0,1,1,6,0,3):null
(2,20,5,4,2,0,1,2,2,0,0):null
(2,20,5,4,2,0,1,2,2,0,1):null
(2,20,5,4,2,0,1,2,2,0,2):null
(2,20,5,4,2,0,1,2,2,0,3):null
(2,20,5,4,2,0,1,2,4,0,0):null
(2,20,5,4,2,0,1,2,4,0,1):null
(2,20,5,4,2,0,1,2,4,0,2):null
(2,20,5,4,2,0,1,2,4,0,3):null
(2,20,5,4,2,0,1,2,6,0,0):null
(2,20,5,4,2,0,1,2,6,0,1):null
(2,20,5,4,2,0,1,2,6,0,2):null
(2,20,5,4,2,0,1,2,6,0,3):null
(2,20,5,4,2,0,2,0,2,0,0):null
(2,20,5,4,2,0,2,0,2,0,1):null
(2,20,5,4,2,0,2,0,2,0,2):null
(2,20,5,4,2,0,2,0,2,0,3):null
(2,20,5,4,2,0,2,0,4,0,0):null
(2,20,5,4,2,0,2,0,4,0,1):null
(2,20,5,4,2,0,2,0,4,0,2):null
(2,20,5,4,2,0,2,0,4,0,3):null
(2,20,5,4,2,0,2,0,6,0,0):null
(2,20,5,4,2,0,2,0,6,0,1):null
(2,20,5,4,2,0,2,0,6,0,2):null
(2,20,5,4,2,0,2,0,6,0,3):null
(2,20,5,4,2,0,2,1,2,0,0):null
(2,20,5,4,2,0,2,1,2,0,1):null
(2,20,5,4,2,0,2,1,2,0,2):null
(2,20,5,4,2,0,2,1,2,0,3):null
(2,20,5,4,2,0,2,1,4,0,0):null
(2,20,5,4,2,0,2,1,4,0,1):null
(2,20,5,4,2,0,2,1,4,0,2):null
(2,20,5,4,2,0,2,1,4,0,3):null
(2,20,5,4,2,0,2,1,6,0,0):null
(2,20,5,4,2,0,2,1,6,0,1):null
(2,20,5,4,2,0,2,1,6,0,2):null
(2,20,5,4,2,0,2,1,6,0,3):null
(2,20,5,4,2,0,2,2,2,0,0):null
(2,20,5,4,2,0,2,2,2,0,1):null
(2,20,5,4,2,0,2,2,2,0,2):null
(2,20,5,4,2,0,2,2,2,0,3):null
(2,20,5,4,2,0,2,2,4,0,0):null
(2,20,5,4,2,0,2,2,4,0,1):null
(2,20,5,4,2,0,2,2,4,0,2):null
(2,20,5,4,2,0,2,2,4,0,3):null
(2,20,5,4,2,0,2,2,6,0,0):null
(2,20,5,4,2,0,2,2,6,0,1):null
(2,20,5,4,2,0,2,2,6,0,2):null
(2,20,5,4,2,0,2,2,6,0,3):null
(2,20,5,6,3,0,0,0,2,0,0):null
(2,20,5,6,3,0,0,0,2,0,1):null
(2,20,5,6,3,0,0,0,2,0,2):null
(2,20,5,6,3,0,0,0,2,0,3):null
(2,20,5,6,3,0,0,0,4,0,0):null
(2,20,5,6,3,0,0,0,4,0,1):null
(2,20,5,6,3,0,0,0,4,0,2):null
(2,20,5,6,3,0,0,0,4,0,3):null
(2,20,5,6,3,0,0,0,6,0,0):null
(2,20,5,6,3,0,0,0,6,0,1):null
(2,20,5,6,3,0,0,0,6,0,2):null
(2,20,5,6,3,0,0,0,6,0,3):null
(2,20,5,6,3,0,0,1,2,0,0):null
(2,20,5,6,3,0,0,1,2,0,1):null
(2,20,5,6,3,0,0,1,2,0,2):null
(2,20,5,6,3,0,0,1,2,0,3):null
(2,20,5,6,3,0,0,1,4,0,0):null
(2,20,5,6,3,0,0,1,4,0,1):null
(2,20,5,6,3,0,0,1,4,0,2):null
(2,20,5,6,3,0,0,1,4,0,3):null
(2,20,5,6,3,0,0,1,6,0,0):null
(2,20,5,6,3,0,0,1,6,0,1):null
(2,20,5,6,3,0,0,1,6,0,2):null
(2,20,5,6,3,0,0,1,6,0,3):null
(2,20,5,6,3,0,0,2,2,0,0):null
(2,20,5,6,3,0,0,2,2,0,1):null
(2,20,5,6,3,0,0,2,2,0,2):null
(2,20,5,6,3,0,0,2,2,0,3):null
(2,20,5,6,3,0,0,2,4,0,0):null
(2,20,5,6,3,0,0,2,4,0,1):null
(2,20,5,6,3,0,0,2,4,0,2):null
(2,20,5,6,3,0,0,2,4,0,3):null
(2,20,5,6,3,0,0,2,6,0,0):null
(2,20,5,6,3,0,0,2,6,0,1):null
(2,20,5,6,3,0,0,2,6,0,2):null
(2,20,5,6,3,0,0,2,6,0,3):null
(2,20,5,6,3,0,1,0,2,0,0):null
(2,20,5,6,3,0,1,0,2,0,1):null
(2,20,5,6,3,0,1,0,2,0,2):null
(2,20,5,6,3,0,1,0,2,0,3):null
(2,20,5,6,3,0,1,0,4,0,0):null
(2,20,5,6,3,0,1,0,4,0,1):null
(2,20,5,6,3,0,1,0,4,0,2):null
(2,20,5,6,3,0,1,0,4,0,3):null
(2,20,5,6,3,0,1,0,6,0,0):null
(2,20,5,6,3,0,1,0,6,0,1):null
(2,20,5,6,3,0,1,0,6,0,2):null
(2,20,5,6,3,0,1,0,6,0,3):null
(2,20,5,6,3,0,1,1,2,0,0):null
(2,20,5,6,3,0,1,1,2,0,1):null
(2,20,5,6,3,0,1,1,2,0,2):null
(2,20,5,6,3,0,1,1,2,0,3):null
(2,20,5,6,3,0,1,1,4,0,0):null
(2,20,5,6,3,0,1,1,4,0,1):null
(2,20,5,6,3,0,1,1,4,0,2):null
(2,20,5,6,3,0,1,1,4,0,3):null
(2,20,5,6,3,0,1,1,6,0,0):null
(2,20,5,6,3,0,1,1,6,0,1):null
(2,20,5,6,3,0,1,1,6,0,2):null
(2,20,5,6,3,0,1,1,6,0,3):null
(2,20,5,6,3,0,1,2,2,0,0):null
(2,20,5,6,3,0,1,2,2,0,1):null
(2,20,5,6,3,0,1,2,2,0,2):null
(2,20,5,6,3,0,1,2,2,0,3):null
(2,20,5,6,3,0,1,2,4,0,0):null
(2,20,5,6,3,0,1,2,4,0,1):null
(2,20,5,6,3,0,1,2,4,0,2):null
(2,20,5,6,3,0,1,2,4,0,3):null
(2,20,5,6,3,0,1,2,6,0,0):null
(2,20,5,6,3,0,1,2,6,0,1):null
(2,20,5,6,3,0,1,2,6,0,2):null
(2,20,5,6,3,0,1,2,6,0,3):null
(2,20,5,6,3,0,2,0,2,0,0):null
(2,20,5,6,3,0,2,0,2,0,1):null
(2,20,5,6,3,0,2,0,2,0,2):null
(2,20,5,6,3,0,2,0,2,0,3):null
(2,20,5,6,3,0,2,0,4,0,0):null
(2,20,5,6,3,0,2,0,4,0,1):null
(2,20,5,6,3,0,2,0,4,0,2):null
(2,20,5,6,3,0,2,0,4,0,3):null
(2,20,5,6,3,0,2,0,6,0,0):null
(2,20,5,6,3,0,2,0,6,0,1):null
(2,20,5,6,3,0,2,0,6,0,2):null
(2,20,5,6,3,0,2,0,6,0,3):null
(2,20,5,6,3,0,2,1,2,0,0):null
(2,20,5,6,3,0,2,1,2,0,1):null
(2,20,5,6,3,0,2,1,2,0,2):null
(2,20,5,6,3,0,2,1,2,0,3):null
(2,20,5,6,3,0,2,1,4,0,0):null
(2,20,5,6,3,0,2,1,4,0,1):null
(2,20,5,6,3,0,2,1,4,0,2):null
(2,20,5,6,3,0,2,1,4,0,3):null
(2,20,5,6,3,0,2,1,6,0,0):null
(2,20,5,6,3,0,2,1,6,0,1):null
(2,20,5,6,3,0,2,1,6,0,2):null
(2,20,5,6,3,0,2,1,6,0,3):null
(2,20,5,6,3,0,2,2,2,0,0):null
(2,20,5,6,3,0,2,2,2,0,1):null
(2,20,5,6,3,0,2,2,2,0,2):null
(2,20,5,6,3,0,2,2,2,0,3):null
(2,20,5,6,3,0,2,2,4,0,0):null
(2,20,5,6,3,0,2,2,4,0,1):null
(2,20,5,6,3,0,2,2,4,0,2):null
(2,20,5,6,3,0,2,2,4,0,3):null
(2,20,5,6,3,0,2,2,6,0,0):null
(2,20,5,6,3,0,2,2,6,0,1):null
(2,20,5,6,3,0,2,2,6,0,2):null
(2,20,5,6,3,0,2,2,6,0,3):null
(2,40,0,2,1,0,0,0,2,0,1):null
(2,40,0,2,1,0,0,0,2,0,4):null
(2,40,0,4,2,0,0,0,2,0,0):null
(2,40,0,4,2,0,0,0,2,0,1):null
(2,40,0,4,2,0,0,0,2,0,2):null
(2,40,0,4,2,0,0,0,2,0,3):null
(2,40,0,4,2,0,0,1,2,0,0):null
(2,40,0,4,2,0,0,1,2,0,1):null
(2,40,0,4,2,0,0,1,2,0,2):null
(2,40,0,4,2,0,0,1,2,0,3):null
(2,40,0,4,2,0,0,1,6,0,0):null
(2,40,0,4,2,0,0,1,6,0,1):null
(2,40,0,4,2,0,0,1,6,0,2):null
(2,40,0,4,2,0,0,1,6,0,3):null
(2,40,0,4,2,0,0,2,2,0,0):null
(2,40,0,4,2,0,0,2,2,0,1):null
(2,40,0,4,2,0,0,2,2,0,2):null
(2,40,0,4,2,0,0,2,2,0,3):null
(2,40,0,4,2,0,0,2,6,0,0):null
(2,40,0,4,2,0,0,2,6,0,1):null
(2,40,0,4,2,0,0,2,6,0,2):null
(2,40,0,4,2,0,0,2,6,0,3):null
(2,40,0,4,2,0,1,2,2,0,0):null
(2,40,0,4,2,0,1,2,2,0,1):null
(2,40,0,4,2,0,1,2,2,0,2):null
(2,40,0,4,2,0,1,2,2,0,3):null
(2,40,0,4,2,0,1,2,6,0,0):null
(2,40,0,4,2,0,1,2,6,0,1):null
(2,40,0,4,2,0,1,2,6,0,2):null
(2,40,0,4,2,0,1,2,6,0,3):null
(2,40,0,4,2,0,2,2,2,0,0):null
(2,40,0,4,2,0,2,2,2,0,1):null
(2,40,0,4,2,0,2,2,2,0,2):null
(2,40,0,4,2,0,2,2,2,0,3):null
(2,40,0,4,2,0,2,2,6,0,0):null
(2,40,0,4,2,0,2,2,6,0,1):null
(2,40,0,4,2,0,2,2,6,0,2):null
(2,40,0,4,2,0,2,2,6,0,3):null
(2,40,0,6,3,0,0,0,2,0,0):null
(2,40,0,6,3,0,0,0,2,0,1):null
(2,40,0,6,3,0,0,0,2,0,2):null
(2,40,0,6,3,0,0,0,2,0,3):null
(2,40,0,6,3,0,0,1,2,0,0):null
(2,40,0,6,3,0,0,1,2,0,1):null
(2,40,0,6,3,0,0,1,2,0,2):null
(2,40,0,6,3,0,0,1,2,0,3):null
(2,40,0,6,3,0,0,1,6,0,0):null
(2,40,0,6,3,0,0,1,6,0,1):null
(2,40,0,6,3,0,0,1,6,0,2):null
(2,40,0,6,3,0,0,1,6,0,3):null
(2,40,0,6,3,0,0,2,2,0,0):null
(2,40,0,6,3,0,0,2,2,0,1):null
(2,40,0,6,3,0,0,2,2,0,2):null
(2,40,0,6,3,0,0,2,2,0,3):null
(2,40,0,6,3,0,0,2,6,0,0):null
(2,40,0,6,3,0,0,2,6,0,1):null
(2,40,0,6,3,0,0,2,6,0,2):null
(2,40,0,6,3,0,0,2,6,0,3):null
(2,40,0,6,3,0,1,2,2,0,0):null
(2,40,0,6,3,0,1,2,2,0,1):null
(2,40,0,6,3,0,1,2,2,0,2):null
(2,40,0,6,3,0,1,2,2,0,3):null
(2,40,0,6,3,0,1,2,6,0,0):null
(2,40,0,6,3,0,1,2,6,0,1):null
(2,40,0,6,3,0,1,2,6,0,2):null
(2,40,0,6,3,0,1,2,6,0,3):null
(2,40,0,6,3,0,2,2,2,0,0):null
(2,40,0,6,3,0,2,2,2,0,1):null
(2,40,0,6,3,0,2,2,2,0,2):null
(2,40,0,6,3,0,2,2,2,0,3):null
(2,40,0,6,3,0,2,2,6,0,0):null
(2,40,0,6,3,0,2,2,6,0,1):null
(2,40,0,6,3,0,2,2,6,0,2):null
(2,40,0,6,3,0,2,2,6,0,3):null
(2,40,1,2,1,0,0,0,2,0,4):null
(2,40,1,2,1,0,0,1,2,0,4):null
(2,40,1,2,1,0,0,2,2,0,4):null
(2,40,1,2,1,0,1,0,2,0,4):null
(2,40,1,2,1,0,1,1,2,0,4):null
(2,40,1,2,1,0,1,2,2,0,4):null
(2,40,1,2,1,0,2,0,2,0,4):null
(2,40,1,2,1,0,2,1,2,0,4):null
(2,40,1,2,1,0,2,2,2,0,4):null
(2,40,1,4,2,0,0,0,2,0,0):null
(2,40,1,4,2,0,0,0,2,0,1):null
(2,40,1,4,2,0,0,0,2,0,2):null
(2,40,1,4,2,0,0,0,2,0,3):null
(2,40,1,4,2,0,0,0,6,0,0):null
(2,40,1,4,2,0,0,0,6,0,1):null
(2,40,1,4,2,0,0,0,6,0,2):null
(2,40,1,4,2,0,0,0,6,0,3):null
(2,40,1,4,2,0,0,1,2,0,0):null
(2,40,1,4,2,0,0,1,2,0,1):null
(2,40,1,4,2,0,0,1,2,0,2):null
(2,40,1,4,2,0,0,1,2,0,3):null
(2,40,1,4,2,0,0,1,6,0,0):null
(2,40,1,4,2,0,0,1,6,0,1):null
(2,40,1,4,2,0,0,1,6,0,2):null
(2,40,1,4,2,0,0,1,6,0,3):null
(2,40,1,4,2,0,0,2,2,0,0):null
(2,40,1,4,2,0,0,2,2,0,1):null
(2,40,1,4,2,0,0,2,2,0,2):null
(2,40,1,4,2,0,0,2,2,0,3):null
(2,40,1,4,2,0,0,2,6,0,0):null
(2,40,1,4,2,0,0,2,6,0,1):null
(2,40,1,4,2,0,0,2,6,0,2):null
(2,40,1,4,2,0,0,2,6,0,3):null
(2,40,1,4,2,0,1,0,2,0,0):null
(2,40,1,4,2,0,1,0,2,0,1):null
(2,40,1,4,2,0,1,0,2,0,2):null
(2,40,1,4,2,0,1,0,2,0,3):null
(2,40,1,4,2,0,1,0,6,0,0):null
(2,40,1,4,2,0,1,0,6,0,1):null
(2,40,1,4,2,0,1,0,6,0,2):null
(2,40,1,4,2,0,1,0,6,0,3):null
(2,40,1,4,2,0,1,1,2,0,0):null
(2,40,1,4,2,0,1,1,2,0,1):null
(2,40,1,4,2,0,1,1,2,0,2):null
(2,40,1,4,2,0,1,1,2,0,3):null
(2,40,1,4,2,0,1,1,6,0,0):null
(2,40,1,4,2,0,1,1,6,0,1):null
(2,40,1,4,2,0,1,1,6,0,2):null
(2,40,1,4,2,0,1,1,6,0,3):null
(2,40,1,4,2,0,1,2,2,0,0):null
(2,40,1,4,2,0,1,2,2,0,1):null
(2,40,1,4,2,0,1,2,2,0,2):null
(2,40,1,4,2,0,1,2,2,0,3):null
(2,40,1,4,2,0,1,2,6,0,0):null
(2,40,1,4,2,0,1,2,6,0,1):null
(2,40,1,4,2,0,1,2,6,0,2):null
(2,40,1,4,2,0,1,2,6,0,3):null
(2,40,1,4,2,0,2,0,2,0,0):null
(2,40,1,4,2,0,2,0,2,0,1):null
(2,40,1,4,2,0,2,0,2,0,2):null
(2,40,1,4,2,0,2,0,2,0,3):null
(2,40,1,4,2,0,2,0,6,0,0):null
(2,40,1,4,2,0,2,0,6,0,1):null
(2,40,1,4,2,0,2,0,6,0,2):null
(2,40,1,4,2,0,2,0,6,0,3):null
(2,40,1,4,2,0,2,1,2,0,0):null
(2,40,1,4,2,0,2,1,2,0,1):null
(2,40,1,4,2,0,2,1,2,0,2):null
(2,40,1,4,2,0,2,1,2,0,3):null
(2,40,1,4,2,0,2,1,6,0,0):null
(2,40,1,4,2,0,2,1,6,0,1):null
(2,40,1,4,2,0,2,1,6,0,2):null
(2,40,1,4,2,0,2,1,6,0,3):null
(2,40,1,4,2,0,2,2,2,0,0):null
(2,40,1,4,2,0,2,2,2,0,1):null
(2,40,1,4,2,0,2,2,2,0,2):null
(2,40,1,4,2,0,2,2,2,0,3):null
(2,40,1,4,2,0,2,2,6,0,0):null
(2,40,1,4,2,0,2,2,6,0,1):null
(2,40,1,4,2,0,2,2,6,0,2):null
(2,40,1,4,2,0,2,2,6,0,3):null
(2,40,1,6,3,0,0,0,2,0,0):null
(2,40,1,6,3,0,0,0,2,0,1):null
(2,40,1,6,3,0,0,0,2,0,2):null
(2,40,1,6,3,0,0,0,2,0,3):null
(2,40,1,6,3,0,0,0,6,0,0):null
(2,40,1,6,3,0,0,0,6,0,1):null
(2,40,1,6,3,0,0,0,6,0,2):null
(2,40,1,6,3,0,0,0,6,0,3):null
(2,40,1,6,3,0,0,1,2,0,0):null
(2,40,1,6,3,0,0,1,2,0,1):null
(2,40,1,6,3,0,0,1,2,0,2):null
(2,40,1,6,3,0,0,1,2,0,3):null
(2,40,1,6,3,0,0,1,6,0,0):null
(2,40,1,6,3,0,0,1,6,0,1):null
(2,40,1,6,3,0,0,1,6,0,2):null
(2,40,1,6,3,0,0,1,6,0,3):null
(2,40,1,6,3,0,0,2,2,0,0):null
(2,40,1,6,3,0,0,2,2,0,1):null
(2,40,1,6,3,0,0,2,2,0,2):null
(2,40,1,6,3,0,0,2,2,0,3):null
(2,40,1,6,3,0,0,2,6,0,0):null
(2,40,1,6,3,0,0,2,6,0,1):null
(2,40,1,6,3,0,0,2,6,0,2):null
(2,40,1,6,3,0,0,2,6,0,3):null
(2,40,1,6,3,0,1,0,2,0,0):null
(2,40,1,6,3,0,1,0,2,0,1):null
(2,40,1,6,3,0,1,0,2,0,2):null
(2,40,1,6,3,0,1,0,2,0,3):null
(2,40,1,6,3,0,1,0,6,0,0):null
(2,40,1,6,3,0,1,0,6,0,1):null
(2,40,1,6,3,0,1,0,6,0,2):null
(2,40,1,6,3,0,1,0,6,0,3):null
(2,40,1,6,3,0,1,1,2,0,0):null
(2,40,1,6,3,0,1,1,2,0,1):null
(2,40,1,6,3,0,1,1,2,0,2):null
(2,40,1,6,3,0,1,1,2,0,3):null
(2,40,1,6,3,0,1,1,6,0,0):null
(2,40,1,6,3,0,1,1,6,0,1):null
(2,40,1,6,3,0,1,1,6,0,2):null
(2,40,1,6,3,0,1,1,6,0,3):null
(2,40,1,6,3,0,1,2,2,0,0):null
(2,40,1,6,3,0,1,2,2,0,1):null
(2,40,1,6,3,0,1,2,2,0,2):null
(2,40,1,6,3,0,1,2,2,0,3):null
(2,40,1,6,3,0,1,2,6,0,0):null
(2,40,1,6,3,0,1,2,6,0,1):null
(2,40,1,6,3,0,1,2,6,0,2):null
(2,40,1,6,3,0,1,2,6,0,3):null
(2,40,1,6,3,0,2,0,2,0,0):null
(2,40,1,6,3,0,2,0,2,0,1):null
(2,40,1,6,3,0,2,0,2,0,2):null
(2,40,1,6,3,0,2,0,2,0,3):null
(2,40,1,6,3,0,2,0,6,0,0):null
(2,40,1,6,3,0,2,0,6,0,1):null
(2,40,1,6,3,0,2,0,6,0,2):null
(2,40,1,6,3,0,2,0,6,0,3):null
(2,40,1,6,3,0,2,1,2,0,0):null
(2,40,1,6,3,0,2,1,2,0,1):null
(2,40,1,6,3,0,2,1,2,0,2):null
(2,40,1,6,3,0,2,1,2,0,3):null
(2,40,1,6,3,0,2,1,6,0,0):null
(2,40,1,6,3,0,2,1,6,0,1):null
(2,40,1,6,3,0,2,1,6,0,2):null
(2,40,1,6,3,0,2,1,6,0,3):null
(2,40,1,6,3,0,2,2,2,0,0):null
(2,40,1,6,3,0,2,2,2,0,1):null
(2,40,1,6,3,0,2,2,2,0,2):null
(2,40,1,6,3,0,2,2,2,0,3):null
(2,40,1,6,3,0,2,2,6,0,0):null
(2,40,1,6,3,0,2,2,6,0,1):null
(2,40,1,6,3,0,2,2,6,0,2):null
(2,40,1,6,3,0,2,2,6,0,3):null
(2,40,5,2,1,0,0,0,2,0,4):null
(2,40,5,2,1,0,0,0,4,0,4):null
(2,40,5,2,1,0,0,0,6,0,4):null
(2,40,5,2,1,0,0,1,2,0,4):null
(2,40,5,2,1,0,0,1,4,0,4):null
(2,40,5,2,1,0,0,1,6,0,4):null
(2,40,5,2,1,0,0,2,2,0,4):null
(2,40,5,2,1,0,0,2,4,0,4):null
(2,40,5,2,1,0,0,2,6,0,4):null
(2,40,5,2,1,0,1,0,2,0,4):null
(2,40,5,2,1,0,1,0,4,0,4):null
(2,40,5,2,1,0,1,0,6,0,4):null
(2,40,5,2,1,0,1,1,2,0,4):null
(2,40,5,2,1,0,1,1,4,0,4):null
(2,40,5,2,1,0,1,1,6,0,4):null
(2,40,5,2,1,0,1,2,2,0,4):null
(2,40,5,2,1,0,1,2,4,0,4):null
(2,40,5,2,1,0,1,2,6,0,4):null
(2,40,5,2,1,0,2,0,2,0,4):null
(2,40,5,2,1,0,2,0,4,0,4):null
(2,40,5,2,1,0,2,0,6,0,4):null
(2,40,5,2,1,0,2,1,2,0,4):null
(2,40,5,2,1,0,2,1,4,0,4):null
(2,40,5,2,1,0,2,1,6,0,4):null
(2,40,5,2,1,0,2,2,2,0,4):null
(2,40,5,2,1,0,2,2,4,0,4):null
(2,40,5,2,1,0,2,2,6,0,4):null
(2,40,5,4,2,0,0,0,2,0,0):null
(2,40,5,4,2,0,0,0,2,0,1):null
(2,40,5,4,2,0,0,0,2,0,2):null
(2,40,5,4,2,0,0,0,2,0,3):null
(2,40,5,4,2,0,0,0,4,0,0):null
(2,40,5,4,2,0,0,0,4,0,1):null
(2,40,5,4,2,0,0,0,4,0,2):null
(2,40,5,4,2,0,0,0,4,0,3):null
(2,40,5,4,2,0,0,0,6,0,0):null
(2,40,5,4,2,0,0,0,6,0,1):null
(2,40,5,4,2,0,0,0,6,0,2):null
(2,40,5,4,2,0,0,0,6,0,3):null
(2,40,5,4,2,0,0,1,2,0,0):null
(2,40,5,4,2,0,0,1,2,0,1):null
(2,40,5,4,2,0,0,1,2,0,2):null
(2,40,5,4,2,0,0,1,2,0,3):null
(2,40,5,4,2,0,0,1,4,0,0):null
(2,40,5,4,2,0,0,1,4,0,1):null
(2,40,5,4,2,0,0,1,4,0,2):null
(2,40,5,4,2,0,0,1,4,0,3):null
(2,40,5,4,2,0,0,1,6,0,0):null
(2,40,5,4,2,0,0,1,6,0,1):null
(2,40,5,4,2,0,0,1,6,0,2):null
(2,40,5,4,2,0,0,1,6,0,3):null
(2,40,5,4,2,0,0,2,2,0,0):null
(2,40,5,4,2,0,0,2,2,0,1):null
(2,40,5,4,2,0,0,2,2,0,2):null
(2,40,5,4,2,0,0,2,2,0,3):null
(2,40,5,4,2,0,0,2,4,0,0):null
(2,40,5,4,2,0,0,2,4,0,1):null
(2,40,5,4,2,0,0,2,4,0,2):null
(2,40,5,4,2,0,0,2,4,0,3):null
(2,40,5,4,2,0,0,2,6,0,0):null
(2,40,5,4,2,0,0,2,6,0,1):null
(2,40,5,4,2,0,0,2,6,0,2):null
(2,40,5,4,2,0,0,2,6,0,3):null
(2,40,5,4,2,0,1,0,2,0,0):null
(2,40,5,4,2,0,1,0,2,0,1):null
(2,40,5,4,2,0,1,0,2,0,2):null
(2,40,5,4,2,0,1,0,2,0,3):null
(2,40,5,4,2,0,1,0,4,0,0):null
(2,40,5,4,2,0,1,0,4,0,1):null
(2,40,5,4,2,0,1,0,4,0,2):null
(2,40,5,4,2,0,1,0,4,0,3):null
(2,40,5,4,2,0,1,0,6,0,0):null
(2,40,5,4,2,0,1,0,6,0,1):null
(2,40,5,4,2,0,1,0,6,0,2):null
(2,40,5,4,2,0,1,0,6,0,3):null
(2,40,5,4,2,0,1,1,2,0,0):null
(2,40,5,4,2,0,1,1,2,0,1):null
(2,40,5,4,2,0,1,1,2,0,2):null
(2,40,5,4,2,0,1,1,2,0,3):null
(2,40,5,4,2,0,1,1,4,0,0):null
(2,40,5,4,2,0,1,1,4,0,1):null
(2,40,5,4,2,0,1,1,4,0,2):null
(2,40,5,4,2,0,1,1,4,0,3):null
(2,40,5,4,2,0,1,1,6,0,0):null
(2,40,5,4,2,0,1,1,6,0,1):null
(2,40,5,4,2,0,1,1,6,0,2):null
(2,40,5,4,2,0,1,1,6,0,3):null
(2,40,5,4,2,0,1,2,2,0,0):null
(2,40,5,4,2,0,1,2,2,0,1):null
(2,40,5,4,2,0,1,2,2,0,2):null
(2,40,5,4,2,0,1,2,2,0,3):null
(2,40,5,4,2,0,1,2,4,0,0):null
(2,40,5,4,2,0,1,2,4,0,1):null
(2,40,5,4,2,0,1,2,4,0,2):null
(2,40,5,4,2,0,1,2,4,0,3):null
(2,40,5,4,2,0,1,2,6,0,0):null
(2,40,5,4,2,0,1,2,6,0,1):null
(2,40,5,4,2,0,1,2,6,0,2):null
(2,40,5,4,2,0,1,2,6,0,3):null
(2,40,5,4,2,0,2,0,2,0,0):null
(2,40,5,4,2,0,2,0,2,0,1):null
(2,40,5,4,2,0,2,0,2,0,2):null
(2,40,5,4,2,0,2,0,2,0,3):null
(2,40,5,4,2,0,2,0,4,0,0):null
(2,40,5,4,2,0,2,0,4,0,1):null
(2,40,5,4,2,0,2,0,4,0,2):null
(2,40,5,4,2,0,2,0,4,0,3):null
(2,40,5,4,2,0,2,0,6,0,0):null
(2,40,5,4,2,0,2,0,6,0,1):null
(2,40,5,4,2,0,2,0,6,0,2):null
(2,40,5,4,2,0,2,0,6,0,3):null
(2,40,5,4,2,0,2,1,2,0,0):null
(2,40,5,4,2,0,2,1,2,0,1):null
(2,40,5,4,2,0,2,1,2,0,2):null
(2,40,5,4,2,0,2,1,2,0,3):null
(2,40,5,4,2,0,2,1,4,0,0):null
(2,40,5,4,2,0,2,1,4,0,1):null
(2,40,5,4,2,0,2,1,4,0,2):null
(2,40,5,4,2,0,2,1,4,0,3):null
(2,40,5,4,2,0,2,1,6,0,0):null
(2,40,5,4,2,0,2,1,6,0,1):null
(2,40,5,4,2,0,2,1,6,0,2):null
(2,40,5,4,2,0,2,1,6,0,3):null
(2,40,5,4,2,0,2,2,2,0,0):null
(2,40,5,4,2,0,2,2,2,0,1):null
(2,40,5,4,2,0,2,2,2,0,2):null
(2,40,5,4,2,0,2,2,2,0,3):null
(2,40,5,4,2,0,2,2,4,0,0):null
(2,40,5,4,2,0,2,2,4,0,1):null
(2,40,5,4,2,0,2,2,4,0,2):null
(2,40,5,4,2,0,2,2,4,0,3):null
(2,40,5,4,2,0,2,2,6,0,0):null
(2,40,5,4,2,0,2,2,6,0,1):null
(2,40,5,4,2,0,2,2,6,0,2):null
(2,40,5,4,2,0,2,2,6,0,3):null
(2,40,5,6,3,0,0,0,2,0,0):null
(2,40,5,6,3,0,0,0,2,0,1):null
(2,40,5,6,3,0,0,0,2,0,2):null
(2,40,5,6,3,0,0,0,2,0,3):null
(2,40,5,6,3,0,0,0,4,0,0):null
(2,40,5,6,3,0,0,0,4,0,1):null
(2,40,5,6,3,0,0,0,4,0,2):null
(2,40,5,6,3,0,0,0,4,0,3):null
(2,40,5,6,3,0,0,0,6,0,0):null
(2,40,5,6,3,0,0,0,6,0,1):null
(2,40,5,6,3,0,0,0,6,0,2):null
(2,40,5,6,3,0,0,0,6,0,3):null
(2,40,5,6,3,0,0,1,2,0,0):null
(2,40,5,6,3,0,0,1,2,0,1):null
(2,40,5,6,3,0,0,1,2,0,2):null
(2,40,5,6,3,0,0,1,2,0,3):null
(2,40,5,6,3,0,0,1,4,0,0):null
(2,40,5,6,3,0,0,1,4,0,1):null
(2,40,5,6,3,0,0,1,4,0,2):null
(2,40,5,6,3,0,0,1,4,0,3):null
(2,40,5,6,3,0,0,1,6,0,0):null
(2,40,5,6,3,0,0,1,6,0,1):null
(2,40,5,6,3,0,0,1,6,0,2):null
(2,40,5,6,3,0,0,1,6,0,3):null
(2,40,5,6,3,0,0,2,2,0,0):null
(2,40,5,6,3,0,0,2,2,0,1):null
(2,40,5,6,3,0,0,2,2,0,2):null
(2,40,5,6,3,0,0,2,2,0,3):null
(2,40,5,6,3,0,0,2,4,0,0):null
(2,40,5,6,3,0,0,2,4,0,1):null
(2,40,5,6,3,0,0,2,4,0,2):null
(2,40,5,6,3,0,0,2,4,0,3):null
(2,40,5,6,3,0,0,2,6,0,0):null
(2,40,5,6,3,0,0,2,6,0,1):null
(2,40,5,6,3,0,0,2,6,0,2):null
(2,40,5,6,3,0,0,2,6,0,3):null
(2,40,5,6,3,0,1,0,2,0,0):null
(2,40,5,6,3,0,1,0,2,0,1):null
(2,40,5,6,3,0,1,0,2,0,2):null
(2,40,5,6,3,0,1,0,2,0,3):null
(2,40,5,6,3,0,1,0,4,0,0):null
(2,40,5,6,3,0,1,0,4,0,1):null
(2,40,5,6,3,0,1,0,4,0,2):null
(2,40,5,6,3,0,1,0,4,0,3):null
(2,40,5,6,3,0,1,0,6,0,0):null
(2,40,5,6,3,0,1,0,6,0,1):null
(2,40,5,6,3,0,1,0,6,0,2):null
(2,40,5,6,3,0,1,0,6,0,3):null
(2,40,5,6,3,0,1,1,2,0,0):null
(2,40,5,6,3,0,1,1,2,0,1):null
(2,40,5,6,3,0,1,1,2,0,2):null
(2,40,5,6,3,0,1,1,2,0,3):null
(2,40,5,6,3,0,1,1,4,0,0):null
(2,40,5,6,3,0,1,1,4,0,1):null
(2,40,5,6,3,0,1,1,4,0,2):null
(2,40,5,6,3,0,1,1,4,0,3):null
(2,40,5,6,3,0,1,1,6,0,0):null
(2,40,5,6,3,0,1,1,6,0,1):null
(2,40,5,6,3,0,1,1,6,0,2):null
(2,40,5,6,3,0,1,1,6,0,3):null
(2,40,5,6,3,0,1,2,2,0,0):null
(2,40,5,6,3,0,1,2,2,0,1):null
(2,40,5,6,3,0,1,2,2,0,2):null
(2,40,5,6,3,0,1,2,2,0,3):null
(2,40,5,6,3,0,1,2,4,0,0):null
(2,40,5,6,3,0,1,2,4,0,1):null
(2,40,5,6,3,0,1,2,4,0,2):null
(2,40,5,6,3,0,1,2,4,0,3):null
(2,40,5,6,3,0,1,2,6,0,0):null
(2,40,5,6,3,0,1,2,6,0,1):null
(2,40,5,6,3,0,1,2,6,0,2):null
(2,40,5,6,3,0,1,2,6,0,3):null
(2,40,5,6,3,0,2,0,2,0,0):null
(2,40,5,6,3,0,2,0,2,0,1):null
(2,40,5,6,3,0,2,0,2,0,2):null
(2,40,5,6,3,0,2,0,2,0,3):null
(2,40,5,6,3,0,2,0,4,0,0):null
(2,40,5,6,3,0,2,0,4,0,1):null
(2,40,5,6,3,0,2,0,4,0,2):null
(2,40,5,6,3,0,2,0,4,0,3):null
(2,40,5,6,3,0,2,0,6,0,0):null
(2,40,5,6,3,0,2,0,6,0,1):null
(2,40,5,6,3,0,2,0,6,0,2):null
(2,40,5,6,3,0,2,0,6,0,3):null
(2,40,5,6,3,0,2,1,2,0,0):null
(2,40,5,6,3,0,2,1,2,0,1):null
(2,40,5,6,3,0,2,1,2,0,2):null
(2,40,5,6,3,0,2,1,2,0,3):null
(2,40,5,6,3,0,2,1,4,0,0):null
(2,40,5,6,3,0,2,1,4,0,1):null
(2,40,5,6,3,0,2,1,4,0,2):null
(2,40,5,6,3,0,2,1,4,0,3):null
(2,40,5,6,3,0,2,1,6,0,0):null
(2,40,5,6,3,0,2,1,6,0,1):null
(2,40,5,6,3,0,2,1,6,0,2):null
(2,40,5,6,3,0,2,1,6,0,3):null
(2,40,5,6,3,0,2,2,2,0,0):null
(2,40,5,6,3,0,2,2,2,0,1):null
(2,40,5,6,3,0,2,2,2,0,2):null
(2,40,5,6,3,0,2,2,2,0,3):null
(2,40,5,6,3,0,2,2,4,0,0):null
(2,40,5,6,3,0,2,2,4,0,1):null
(2,40,5,6,3,0,2,2,4,0,2):null
(2,40,5,6,3,0,2,2,4,0,3):null
(2,40,5,6,3,0,2,2,6,0,0):null
(2,40,5,6,3,0,2,2,6,0,1):null
(2,40,5,6,3,0,2,2,6,0,2):null
(2,40,5,6,3,0,2,2,6,0,3):null
(2,60,0,2,1,0,0,0,2,0,1):null
(2,60,0,2,1,0,0,0,2,0,4):null
(2,60,0,4,2,0,0,0,2,0,0):null
(2,60,0,4,2,0,0,0,2,0,1):null
(2,60,0,4,2,0,0,0,2,0,2):null
(2,60,0,4,2,0,0,0,2,0,3):null
(2,60,0,4,2,0,0,1,2,0,0):null
(2,60,0,4,2,0,0,1,2,0,1):null
(2,60,0,4,2,0,0,1,2,0,2):null
(2,60,0,4,2,0,0,1,2,0,3):null
(2,60,0,4,2,0,0,1,6,0,0):null
(2,60,0,4,2,0,0,1,6,0,1):null
(2,60,0,4,2,0,0,1,6,0,2):null
(2,60,0,4,2,0,0,1,6,0,3):null
(2,60,0,4,2,0,0,2,2,0,0):null
(2,60,0,4,2,0,0,2,2,0,1):null
(2,60,0,4,2,0,0,2,2,0,2):null
(2,60,0,4,2,0,0,2,2,0,3):null
(2,60,0,4,2,0,0,2,6,0,0):null
(2,60,0,4,2,0,0,2,6,0,1):null
(2,60,0,4,2,0,0,2,6,0,2):null
(2,60,0,4,2,0,0,2,6,0,3):null
(2,60,0,4,2,0,1,2,2,0,0):null
(2,60,0,4,2,0,1,2,2,0,1):null
(2,60,0,4,2,0,1,2,2,0,2):null
(2,60,0,4,2,0,1,2,2,0,3):null
(2,60,0,4,2,0,1,2,6,0,0):null
(2,60,0,4,2,0,1,2,6,0,1):null
(2,60,0,4,2,0,1,2,6,0,2):null
(2,60,0,4,2,0,1,2,6,0,3):null
(2,60,0,4,2,0,2,2,2,0,0):null
(2,60,0,4,2,0,2,2,2,0,1):null
(2,60,0,4,2,0,2,2,2,0,2):null
(2,60,0,4,2,0,2,2,2,0,3):null
(2,60,0,4,2,0,2,2,6,0,0):null
(2,60,0,4,2,0,2,2,6,0,1):null
(2,60,0,4,2,0,2,2,6,0,2):null
(2,60,0,4,2,0,2,2,6,0,3):null
(2,60,0,6,3,0,0,0,2,0,0):null
(2,60,0,6,3,0,0,0,2,0,1):null
(2,60,0,6,3,0,0,0,2,0,2):null
(2,60,0,6,3,0,0,0,2,0,3):null
(2,60,0,6,3,0,0,1,2,0,0):null
(2,60,0,6,3,0,0,1,2,0,1):null
(2,60,0,6,3,0,0,1,2,0,2):null
(2,60,0,6,3,0,0,1,2,0,3):null
(2,60,0,6,3,0,0,1,6,0,0):null
(2,60,0,6,3,0,0,1,6,0,1):null
(2,60,0,6,3,0,0,1,6,0,2):null
(2,60,0,6,3,0,0,1,6,0,3):null
(2,60,0,6,3,0,0,2,2,0,0):null
(2,60,0,6,3,0,0,2,2,0,1):null
(2,60,0,6,3,0,0,2,2,0,2):null
(2,60,0,6,3,0,0,2,2,0,3):null
(2,60,0,6,3,0,0,2,6,0,0):null
(2,60,0,6,3,0,0,2,6,0,1):null
(2,60,0,6,3,0,0,2,6,0,2):null
(2,60,0,6,3,0,0,2,6,0,3):null
(2,60,0,6,3,0,1,2,2,0,0):null
(2,60,0,6,3,0,1,2,2,0,1):null
(2,60,0,6,3,0,1,2,2,0,2):null
(2,60,0,6,3,0,1,2,2,0,3):null
(2,60,0,6,3,0,1,2,6,0,0):null
(2,60,0,6,3,0,1,2,6,0,1):null
(2,60,0,6,3,0,1,2,6,0,2):null
(2,60,0,6,3,0,1,2,6,0,3):null
(2,60,0,6,3,0,2,2,2,0,0):null
(2,60,0,6,3,0,2,2,2,0,1):null
(2,60,0,6,3,0,2,2,2,0,2):null
(2,60,0,6,3,0,2,2,2,0,3):null
(2,60,0,6,3,0,2,2,6,0,0):null
(2,60,0,6,3,0,2,2,6,0,1):null
(2,60,0,6,3,0,2,2,6,0,2):null
(2,60,0,6,3,0,2,2,6,0,3):null
(2,60,1,2,1,0,0,0,2,0,4):null
(2,60,1,2,1,0,0,1,2,0,4):null
(2,60,1,2,1,0,0,2,2,0,4):null
(2,60,1,2,1,0,1,0,2,0,4):null
(2,60,1,2,1,0,1,1,2,0,4):null
(2,60,1,2,1,0,1,2,2,0,4):null
(2,60,1,2,1,0,2,0,2,0,4):null
(2,60,1,2,1,0,2,1,2,0,4):null
(2,60,1,2,1,0,2,2,2,0,4):null
(2,60,1,4,2,0,0,0,2,0,0):null
(2,60,1,4,2,0,0,0,2,0,1):null
(2,60,1,4,2,0,0,0,2,0,2):null
(2,60,1,4,2,0,0,0,2,0,3):null
(2,60,1,4,2,0,0,0,6,0,0):null
(2,60,1,4,2,0,0,0,6,0,1):null
(2,60,1,4,2,0,0,0,6,0,2):null
(2,60,1,4,2,0,0,0,6,0,3):null
(2,60,1,4,2,0,0,1,2,0,0):null
(2,60,1,4,2,0,0,1,2,0,1):null
(2,60,1,4,2,0,0,1,2,0,2):null
(2,60,1,4,2,0,0,1,2,0,3):null
(2,60,1,4,2,0,0,1,6,0,0):null
(2,60,1,4,2,0,0,1,6,0,1):null
(2,60,1,4,2,0,0,1,6,0,2):null
(2,60,1,4,2,0,0,1,6,0,3):null
(2,60,1,4,2,0,0,2,2,0,0):null
(2,60,1,4,2,0,0,2,2,0,1):null
(2,60,1,4,2,0,0,2,2,0,2):null
(2,60,1,4,2,0,0,2,2,0,3):null
(2,60,1,4,2,0,0,2,6,0,0):null
(2,60,1,4,2,0,0,2,6,0,1):null
(2,60,1,4,2,0,0,2,6,0,2):null
(2,60,1,4,2,0,0,2,6,0,3):null
(2,60,1,4,2,0,1,0,2,0,0):null
(2,60,1,4,2,0,1,0,2,0,1):null
(2,60,1,4,2,0,1,0,2,0,2):null
(2,60,1,4,2,0,1,0,2,0,3):null
(2,60,1,4,2,0,1,0,6,0,0):null
(2,60,1,4,2,0,1,0,6,0,1):null
(2,60,1,4,2,0,1,0,6,0,2):null
(2,60,1,4,2,0,1,0,6,0,3):null
(2,60,1,4,2,0,1,1,2,0,0):null
(2,60,1,4,2,0,1,1,2,0,1):null
(2,60,1,4,2,0,1,1,2,0,2):null
(2,60,1,4,2,0,1,1,2,0,3):null
(2,60,1,4,2,0,1,1,6,0,0):null
(2,60,1,4,2,0,1,1,6,0,1):null
(2,60,1,4,2,0,1,1,6,0,2):null
(2,60,1,4,2,0,1,1,6,0,3):null
(2,60,1,4,2,0,1,2,2,0,0):null
(2,60,1,4,2,0,1,2,2,0,1):null
(2,60,1,4,2,0,1,2,2,0,2):null
(2,60,1,4,2,0,1,2,2,0,3):null
(2,60,1,4,2,0,1,2,6,0,0):null
(2,60,1,4,2,0,1,2,6,0,1):null
(2,60,1,4,2,0,1,2,6,0,2):null
(2,60,1,4,2,0,1,2,6,0,3):null
(2,60,1,4,2,0,2,0,2,0,0):null
(2,60,1,4,2,0,2,0,2,0,1):null
(2,60,1,4,2,0,2,0,2,0,2):null
(2,60,1,4,2,0,2,0,2,0,3):null
(2,60,1,4,2,0,2,0,6,0,0):null
(2,60,1,4,2,0,2,0,6,0,1):null
(2,60,1,4,2,0,2,0,6,0,2):null
(2,60,1,4,2,0,2,0,6,0,3):null
(2,60,1,4,2,0,2,1,2,0,0):null
(2,60,1,4,2,0,2,1,2,0,1):null
(2,60,1,4,2,0,2,1,2,0,2):null
(2,60,1,4,2,0,2,1,2,0,3):null
(2,60,1,4,2,0,2,1,6,0,0):null
(2,60,1,4,2,0,2,1,6,0,1):null
(2,60,1,4,2,0,2,1,6,0,2):null
(2,60,1,4,2,0,2,1,6,0,3):null
(2,60,1,4,2,0,2,2,2,0,0):null
(2,60,1,4,2,0,2,2,2,0,1):null
(2,60,1,4,2,0,2,2,2,0,2):null
(2,60,1,4,2,0,2,2,2,0,3):null
(2,60,1,4,2,0,2,2,6,0,0):null
(2,60,1,4,2,0,2,2,6,0,1):null
(2,60,1,4,2,0,2,2,6,0,2):null
(2,60,1,4,2,0,2,2,6,0,3):null
(2,60,1,6,3,0,0,0,2,0,0):null
(2,60,1,6,3,0,0,0,2,0,1):null
(2,60,1,6,3,0,0,0,2,0,2):null
(2,60,1,6,3,0,0,0,2,0,3):null
(2,60,1,6,3,0,0,0,6,0,0):null
(2,60,1,6,3,0,0,0,6,0,1):null
(2,60,1,6,3,0,0,0,6,0,2):null
(2,60,1,6,3,0,0,0,6,0,3):null
(2,60,1,6,3,0,0,1,2,0,0):null
(2,60,1,6,3,0,0,1,2,0,1):null
(2,60,1,6,3,0,0,1,2,0,2):null
(2,60,1,6,3,0,0,1,2,0,3):null
(2,60,1,6,3,0,0,1,6,0,0):null
(2,60,1,6,3,0,0,1,6,0,1):null
(2,60,1,6,3,0,0,1,6,0,2):null
(2,60,1,6,3,0,0,1,6,0,3):null
(2,60,1,6,3,0,0,2,2,0,0):null
(2,60,1,6,3,0,0,2,2,0,1):null
(2,60,1,6,3,0,0,2,2,0,2):null
(2,60,1,6,3,0,0,2,2,0,3):null
(2,60,1,6,3,0,0,2,6,0,0):null
(2,60,1,6,3,0,0,2,6,0,1):null
(2,60,1,6,3,0,0,2,6,0,2):null
(2,60,1,6,3,0,0,2,6,0,3):null
(2,60,1,6,3,0,1,0,2,0,0):null
(2,60,1,6,3,0,1,0,2,0,1):null
(2,60,1,6,3,0,1,0,2,0,2):null
(2,60,1,6,3,0,1,0,2,0,3):null
(2,60,1,6,3,0,1,0,6,0,0):null
(2,60,1,6,3,0,1,0,6,0,1):null
(2,60,1,6,3,0,1,0,6,0,2):null
(2,60,1,6,3,0,1,0,6,0,3):null
(2,60,1,6,3,0,1,1,2,0,0):null
(2,60,1,6,3,0,1,1,2,0,1):null
(2,60,1,6,3,0,1,1,2,0,2):null
(2,60,1,6,3,0,1,1,2,0,3):null
(2,60,1,6,3,0,1,1,6,0,0):null
(2,60,1,6,3,0,1,1,6,0,1):null
(2,60,1,6,3,0,1,1,6,0,2):null
(2,60,1,6,3,0,1,1,6,0,3):null
(2,60,1,6,3,0,1,2,2,0,0):null
(2,60,1,6,3,0,1,2,2,0,1):null
(2,60,1,6,3,0,1,2,2,0,2):null
(2,60,1,6,3,0,1,2,2,0,3):null
(2,60,1,6,3,0,1,2,6,0,0):null
(2,60,1,6,3,0,1,2,6,0,1):null
(2,60,1,6,3,0,1,2,6,0,2):null
(2,60,1,6,3,0,1,2,6,0,3):null
(2,60,1,6,3,0,2,0,2,0,0):null
(2,60,1,6,3,0,2,0,2,0,1):null
(2,60,1,6,3,0,2,0,2,0,2):null
(2,60,1,6,3,0,2,0,2,0,3):null
(2,60,1,6,3,0,2,0,6,0,0):null
(2,60,1,6,3,0,2,0,6,0,1):null
(2,60,1,6,3,0,2,0,6,0,2):null
(2,60,1,6,3,0,2,0,6,0,3):null
(2,60,1,6,3,0,2,1,2,0,0):null
(2,60,1,6,3,0,2,1,2,0,1):null
(2,60,1,6,3,0,2,1,2,0,2):null
(2,60,1,6,3,0,2,1,2,0,3):null
(2,60,1,6,3,0,2,1,6,0,0):null
(2,60,1,6,3,0,2,1,6,0,1):null
(2,60,1,6,3,0,2,1,6,0,2):null
(2,60,1,6,3,0,2,1,6,0,3):null
(2,60,1,6,3,0,2,2,2,0,0):null
(2,60,1,6,3,0,2,2,2,0,1):null
(2,60,1,6,3,0,2,2,2,0,2):null
(2,60,1,6,3,0,2,2,2,0,3):null
(2,60,1,6,3,0,2,2,6,0,0):null
(2,60,1,6,3,0,2,2,6,0,1):null
(2,60,1,6,3,0,2,2,6,0,2):null
(2,60,1,6,3,0,2,2,6,0,3):null
(2,60,5,2,1,0,0,0,2,0,4):null
(2,60,5,2,1,0,0,0,4,0,4):null
(2,60,5,2,1,0,0,0,6,0,4):null
(2,60,5,2,1,0,0,1,2,0,4):null
(2,60,5,2,1,0,0,1,4,0,4):null
(2,60,5,2,1,0,0,1,6,0,4):null
(2,60,5,2,1,0,0,2,2,0,4):null
(2,60,5,2,1,0,0,2,4,0,4):null
(2,60,5,2,1,0,0,2,6,0,4):null
(2,60,5,2,1,0,1,0,2,0,4):null
(2,60,5,2,1,0,1,0,4,0,4):null
(2,60,5,2,1,0,1,0,6,0,4):null
(2,60,5,2,1,0,1,1,2,0,4):null
(2,60,5,2,1,0,1,1,4,0,4):null
(2,60,5,2,1,0,1,1,6,0,4):null
(2,60,5,2,1,0,1,2,2,0,4):null
(2,60,5,2,1,0,1,2,4,0,4):null
(2,60,5,2,1,0,1,2,6,0,4):null
(2,60,5,2,1,0,2,0,2,0,4):null
(2,60,5,2,1,0,2,0,4,0,4):null
(2,60,5,2,1,0,2,0,6,0,4):null
(2,60,5,2,1,0,2,1,2,0,4):null
(2,60,5,2,1,0,2,1,4,0,4):null
(2,60,5,2,1,0,2,1,6,0,4):null
(2,60,5,2,1,0,2,2,2,0,4):null
(2,60,5,2,1,0,2,2,4,0,4):null
(2,60,5,2,1,0,2,2,6,0,4):null
(2,60,5,4,2,0,0,0,2,0,0):null
(2,60,5,4,2,0,0,0,2,0,1):null
(2,60,5,4,2,0,0,0,2,0,2):null
(2,60,5,4,2,0,0,0,2,0,3):null
(2,60,5,4,2,0,0,0,4,0,0):null
(2,60,5,4,2,0,0,0,4,0,1):null
(2,60,5,4,2,0,0,0,4,0,2):null
(2,60,5,4,2,0,0,0,4,0,3):null
(2,60,5,4,2,0,0,0,6,0,0):null
(2,60,5,4,2,0,0,0,6,0,1):null
(2,60,5,4,2,0,0,0,6,0,2):null
(2,60,5,4,2,0,0,0,6,0,3):null
(2,60,5,4,2,0,0,1,2,0,0):null
(2,60,5,4,2,0,0,1,2,0,1):null
(2,60,5,4,2,0,0,1,2,0,2):null
(2,60,5,4,2,0,0,1,2,0,3):null
(2,60,5,4,2,0,0,1,4,0,0):null
(2,60,5,4,2,0,0,1,4,0,1):null
(2,60,5,4,2,0,0,1,4,0,2):null
(2,60,5,4,2,0,0,1,4,0,3):null
(2,60,5,4,2,0,0,1,6,0,0):null
(2,60,5,4,2,0,0,1,6,0,1):null
(2,60,5,4,2,0,0,1,6,0,2):null
(2,60,5,4,2,0,0,1,6,0,3):null
(2,60,5,4,2,0,0,2,2,0,0):null
(2,60,5,4,2,0,0,2,2,0,1):null
(2,60,5,4,2,0,0,2,2,0,2):null
(2,60,5,4,2,0,0,2,2,0,3):null
(2,60,5,4,2,0,0,2,4,0,0):null
(2,60,5,4,2,0,0,2,4,0,1):null
(2,60,5,4,2,0,0,2,4,0,2):null
(2,60,5,4,2,0,0,2,4,0,3):null
(2,60,5,4,2,0,0,2,6,0,0):null
(2,60,5,4,2,0,0,2,6,0,1):null
(2,60,5,4,2,0,0,2,6,0,2):null
(2,60,5,4,2,0,0,2,6,0,3):null
(2,60,5,4,2,0,1,0,2,0,0):null
(2,60,5,4,2,0,1,0,2,0,1):null
(2,60,5,4,2,0,1,0,2,0,2):null
(2,60,5,4,2,0,1,0,2,0,3):null
(2,60,5,4,2,0,1,0,4,0,0):null
(2,60,5,4,2,0,1,0,4,0,1):null
(2,60,5,4,2,0,1,0,4,0,2):null
(2,60,5,4,2,0,1,0,4,0,3):null
(2,60,5,4,2,0,1,0,6,0,0):null
(2,60,5,4,2,0,1,0,6,0,1):null
(2,60,5,4,2,0,1,0,6,0,2):null
(2,60,5,4,2,0,1,0,6,0,3):null
(2,60,5,4,2,0,1,1,2,0,0):null
(2,60,5,4,2,0,1,1,2,0,1):null
(2,60,5,4,2,0,1,1,2,0,2):null
(2,60,5,4,2,0,1,1,2,0,3):null
(2,60,5,4,2,0,1,1,4,0,0):null
(2,60,5,4,2,0,1,1,4,0,1):null
(2,60,5,4,2,0,1,1,4,0,2):null
(2,60,5,4,2,0,1,1,4,0,3):null
(2,60,5,4,2,0,1,1,6,0,0):null
(2,60,5,4,2,0,1,1,6,0,1):null
(2,60,5,4,2,0,1,1,6,0,2):null
(2,60,5,4,2,0,1,1,6,0,3):null
(2,60,5,4,2,0,1,2,2,0,0):null
(2,60,5,4,2,0,1,2,2,0,1):null
(2,60,5,4,2,0,1,2,2,0,2):null
(2,60,5,4,2,0,1,2,2,0,3):null
(2,60,5,4,2,0,1,2,4,0,0):null
(2,60,5,4,2,0,1,2,4,0,1):null
(2,60,5,4,2,0,1,2,4,0,2):null
(2,60,5,4,2,0,1,2,4,0,3):null
(2,60,5,4,2,0,1,2,6,0,0):null
(2,60,5,4,2,0,1,2,6,0,1):null
(2,60,5,4,2,0,1,2,6,0,2):null
(2,60,5,4,2,0,1,2,6,0,3):null
(2,60,5,4,2,0,2,0,2,0,0):null
(2,60,5,4,2,0,2,0,2,0,1):null
(2,60,5,4,2,0,2,0,2,0,2):null
(2,60,5,4,2,0,2,0,2,0,3):null
(2,60,5,4,2,0,2,0,4,0,0):null
(2,60,5,4,2,0,2,0,4,0,1):null
(2,60,5,4,2,0,2,0,4,0,2):null
(2,60,5,4,2,0,2,0,4,0,3):null
(2,60,5,4,2,0,2,0,6,0,0):null
(2,60,5,4,2,0,2,0,6,0,1):null
(2,60,5,4,2,0,2,0,6,0,2):null
(2,60,5,4,2,0,2,0,6,0,3):null
(2,60,5,4,2,0,2,1,2,0,0):null
(2,60,5,4,2,0,2,1,2,0,1):null
(2,60,5,4,2,0,2,1,2,0,2):null
(2,60,5,4,2,0,2,1,2,0,3):null
(2,60,5,4,2,0,2,1,4,0,0):null
(2,60,5,4,2,0,2,1,4,0,1):null
(2,60,5,4,2,0,2,1,4,0,2):null
(2,60,5,4,2,0,2,1,4,0,3):null
(2,60,5,4,2,0,2,1,6,0,0):null
(2,60,5,4,2,0,2,1,6,0,1):null
(2,60,5,4,2,0,2,1,6,0,2):null
(2,60,5,4,2,0,2,1,6,0,3):null
(2,60,5,4,2,0,2,2,2,0,0):null
(2,60,5,4,2,0,2,2,2,0,1):null
(2,60,5,4,2,0,2,2,2,0,2):null
(2,60,5,4,2,0,2,2,2,0,3):null
(2,60,5,4,2,0,2,2,4,0,0):null
(2,60,5,4,2,0,2,2,4,0,1):null
(2,60,5,4,2,0,2,2,4,0,2):null
(2,60,5,4,2,0,2,2,4,0,3):null
(2,60,5,4,2,0,2,2,6,0,0):null
(2,60,5,4,2,0,2,2,6,0,1):null
(2,60,5,4,2,0,2,2,6,0,2):null
(2,60,5,4,2,0,2,2,6,0,3):null
(2,60,5,6,3,0,0,0,2,0,0):null
(2,60,5,6,3,0,0,0,2,0,1):null
(2,60,5,6,3,0,0,0,2,0,2):null
(2,60,5,6,3,0,0,0,2,0,3):null
(2,60,5,6,3,0,0,0,4,0,0):null
(2,60,5,6,3,0,0,0,4,0,1):null
(2,60,5,6,3,0,0,0,4,0,2):null
(2,60,5,6,3,0,0,0,4,0,3):null
(2,60,5,6,3,0,0,0,6,0,0):null
(2,60,5,6,3,0,0,0,6,0,1):null
(2,60,5,6,3,0,0,0,6,0,2):null
(2,60,5,6,3,0,0,0,6,0,3):null
(2,60,5,6,3,0,0,1,2,0,0):null
(2,60,5,6,3,0,0,1,2,0,1):null
(2,60,5,6,3,0,0,1,2,0,2):null
(2,60,5,6,3,0,0,1,2,0,3):null
(2,60,5,6,3,0,0,1,4,0,0):null
(2,60,5,6,3,0,0,1,4,0,1):null
(2,60,5,6,3,0,0,1,4,0,2):null
(2,60,5,6,3,0,0,1,4,0,3):null
(2,60,5,6,3,0,0,1,6,0,0):null
(2,60,5,6,3,0,0,1,6,0,1):null
(2,60,5,6,3,0,0,1,6,0,2):null
(2,60,5,6,3,0,0,1,6,0,3):null
(2,60,5,6,3,0,0,2,2,0,0):null
(2,60,5,6,3,0,0,2,2,0,1):null
(2,60,5,6,3,0,0,2,2,0,2):null
(2,60,5,6,3,0,0,2,2,0,3):null
(2,60,5,6,3,0,0,2,4,0,0):null
(2,60,5,6,3,0,0,2,4,0,1):null
(2,60,5,6,3,0,0,2,4,0,2):null
(2,60,5,6,3,0,0,2,4,0,3):null
(2,60,5,6,3,0,0,2,6,0,0):null
(2,60,5,6,3,0,0,2,6,0,1):null
(2,60,5,6,3,0,0,2,6,0,2):null
(2,60,5,6,3,0,0,2,6,0,3):null
(2,60,5,6,3,0,1,0,2,0,0):null
(2,60,5,6,3,0,1,0,2,0,1):null
(2,60,5,6,3,0,1,0,2,0,2):null
(2,60,5,6,3,0,1,0,2,0,3):null
(2,60,5,6,3,0,1,0,4,0,0):null
(2,60,5,6,3,0,1,0,4,0,1):null
(2,60,5,6,3,0,1,0,4,0,2):null
(2,60,5,6,3,0,1,0,4,0,3):null
(2,60,5,6,3,0,1,0,6,0,0):null
(2,60,5,6,3,0,1,0,6,0,1):null
(2,60,5,6,3,0,1,0,6,0,2):null
(2,60,5,6,3,0,1,0,6,0,3):null
(2,60,5,6,3,0,1,1,2,0,0):null
(2,60,5,6,3,0,1,1,2,0,1):null
(2,60,5,6,3,0,1,1,2,0,2):null
(2,60,5,6,3,0,1,1,2,0,3):null
(2,60,5,6,3,0,1,1,4,0,0):null
(2,60,5,6,3,0,1,1,4,0,1):null
(2,60,5,6,3,0,1,1,4,0,2):null
(2,60,5,6,3,0,1,1,4,0,3):null
(2,60,5,6,3,0,1,1,6,0,0):null
(2,60,5,6,3,0,1,1,6,0,1):null
(2,60,5,6,3,0,1,1,6,0,2):null
(2,60,5,6,3,0,1,1,6,0,3):null
(2,60,5,6,3,0,1,2,2,0,0):null
(2,60,5,6,3,0,1,2,2,0,1):null
(2,60,5,6,3,0,1,2,2,0,2):null
(2,60,5,6,3,0,1,2,2,0,3):null
(2,60,5,6,3,0,1,2,4,0,0):null
(2,60,5,6,3,0,1,2,4,0,1):null
(2,60,5,6,3,0,1,2,4,0,2):null
(2,60,5,6,3,0,1,2,4,0,3):null
(2,60,5,6,3,0,1,2,6,0,0):null
(2,60,5,6,3,0,1,2,6,0,1):null
(2,60,5,6,3,0,1,2,6,0,2):null
(2,60,5,6,3,0,1,2,6,0,3):null
(2,60,5,6,3,0,2,0,2,0,0):null
(2,60,5,6,3,0,2,0,2,0,1):null
(2,60,5,6,3,0,2,0,2,0,2):null
(2,60,5,6,3,0,2,0,2,0,3):null
(2,60,5,6,3,0,2,0,4,0,0):null
(2,60,5,6,3,0,2,0,4,0,1):null
(2,60,5,6,3,0,2,0,4,0,2):null
(2,60,5,6,3,0,2,0,4,0,3):null
(2,60,5,6,3,0,2,0,6,0,0):null
(2,60,5,6,3,0,2,0,6,0,1):null
(2,60,5,6,3,0,2,0,6,0,2):null
(2,60,5,6,3,0,2,0,6,0,3):null
(2,60,5,6,3,0,2,1,2,0,0):null
(2,60,5,6,3,0,2,1,2,0,1):null
(2,60,5,6,3,0,2,1,2,0,2):null
(2,60,5,6,3,0,2,1,2,0,3):null
(2,60,5,6,3,0,2,1,4,0,0):null
(2,60,5,6,3,0,2,1,4,0,1):null
(2,60,5,6,3,0,2,1,4,0,2):null
(2,60,5,6,3,0,2,1,4,0,3):null
(2,60,5,6,3,0,2,1,6,0,0):null
(2,60,5,6,3,0,2,1,6,0,1):null
(2,60,5,6,3,0,2,1,6,0,2):null
(2,60,5,6,3,0,2,1,6,0,3):null
(2,60,5,6,3,0,2,2,2,0,0):null
(2,60,5,6,3,0,2,2,2,0,1):null
(2,60,5,6,3,0,2,2,2,0,2):null
(2,60,5,6,3,0,2,2,2,0,3):null
(2,60,5,6,3,0,2,2,4,0,0):null
(2,60,5,6,3,0,2,2,4,0,1):null
(2,60,5,6,3,0,2,2,4,0,2):null
(2,60,5,6,3,0,2,2,4,0,3):null
(2,60,5,6,3,0,2,2,6,0,0):null
(2,60,5,6,3,0,2,2,6,0,1):null
(2,60,5,6,3,0,2,2,6,0,2):null
(2,60,5,6,3,0,2,2,6,0,3):null
(2,80,0,2,1,0,0,0,2,0,1):null
(2,80,0,2,1,0,0,0,2,0,4):null
(2,80,0,4,2,0,0,0,2,0,0):null
(2,80,0,4,2,0,0,0,2,0,1):null
(2,80,0,4,2,0,0,0,2,0,2):null
(2,80,0,4,2,0,0,0,2,0,3):null
(2,80,0,4,2,0,0,1,2,0,0):null
(2,80,0,4,2,0,0,1,2,0,1):null
(2,80,0,4,2,0,0,1,2,0,2):null
(2,80,0,4,2,0,0,1,2,0,3):null
(2,80,0,4,2,0,0,1,6,0,0):null
(2,80,0,4,2,0,0,1,6,0,1):null
(2,80,0,4,2,0,0,1,6,0,2):null
(2,80,0,4,2,0,0,1,6,0,3):null
(2,80,0,4,2,0,0,2,2,0,0):null
(2,80,0,4,2,0,0,2,2,0,1):null
(2,80,0,4,2,0,0,2,2,0,2):null
(2,80,0,4,2,0,0,2,2,0,3):null
(2,80,0,4,2,0,0,2,6,0,0):null
(2,80,0,4,2,0,0,2,6,0,1):null
(2,80,0,4,2,0,0,2,6,0,2):null
(2,80,0,4,2,0,0,2,6,0,3):null
(2,80,0,4,2,0,1,2,2,0,0):null
(2,80,0,4,2,0,1,2,2,0,1):null
(2,80,0,4,2,0,1,2,2,0,2):null
(2,80,0,4,2,0,1,2,2,0,3):null
(2,80,0,4,2,0,1,2,6,0,0):null
(2,80,0,4,2,0,1,2,6,0,1):null
(2,80,0,4,2,0,1,2,6,0,2):null
(2,80,0,4,2,0,1,2,6,0,3):null
(2,80,0,4,2,0,2,2,2,0,0):null
(2,80,0,4,2,0,2,2,2,0,1):null
(2,80,0,4,2,0,2,2,2,0,2):null
(2,80,0,4,2,0,2,2,2,0,3):null
(2,80,0,4,2,0,2,2,6,0,0):null
(2,80,0,4,2,0,2,2,6,0,1):null
(2,80,0,4,2,0,2,2,6,0,2):null
(2,80,0,4,2,0,2,2,6,0,3):null
(2,80,0,6,3,0,0,0,2,0,0):null
(2,80,0,6,3,0,0,0,2,0,1):null
(2,80,0,6,3,0,0,0,2,0,2):null
(2,80,0,6,3,0,0,0,2,0,3):null
(2,80,0,6,3,0,0,1,2,0,0):null
(2,80,0,6,3,0,0,1,2,0,1):null
(2,80,0,6,3,0,0,1,2,0,2):null
(2,80,0,6,3,0,0,1,2,0,3):null
(2,80,0,6,3,0,0,1,6,0,0):null
(2,80,0,6,3,0,0,1,6,0,1):null
(2,80,0,6,3,0,0,1,6,0,2):null
(2,80,0,6,3,0,0,1,6,0,3):null
(2,80,0,6,3,0,0,2,2,0,0):null
(2,80,0,6,3,0,0,2,2,0,1):null
(2,80,0,6,3,0,0,2,2,0,2):null
(2,80,0,6,3,0,0,2,2,0,3):null
(2,80,0,6,3,0,0,2,6,0,0):null
(2,80,0,6,3,0,0,2,6,0,1):null
(2,80,0,6,3,0,0,2,6,0,2):null
(2,80,0,6,3,0,0,2,6,0,3):null
(2,80,0,6,3,0,1,2,2,0,0):null
(2,80,0,6,3,0,1,2,2,0,1):null
(2,80,0,6,3,0,1,2,2,0,2):null
(2,80,0,6,3,0,1,2,2,0,3):null
(2,80,0,6,3,0,1,2,6,0,0):null
(2,80,0,6,3,0,1,2,6,0,1):null
(2,80,0,6,3,0,1,2,6,0,2):null
(2,80,0,6,3,0,1,2,6,0,3):null
(2,80,0,6,3,0,2,2,2,0,0):null
(2,80,0,6,3,0,2,2,2,0,1):null
(2,80,0,6,3,0,2,2,2,0,2):null
(2,80,0,6,3,0,2,2,2,0,3):null
(2,80,0,6,3,0,2,2,6,0,0):null
(2,80,0,6,3,0,2,2,6,0,1):null
(2,80,0,6,3,0,2,2,6,0,2):null
(2,80,0,6,3,0,2,2,6,0,3):null
(2,80,1,2,1,0,0,0,2,0,4):null
(2,80,1,2,1,0,0,1,2,0,4):null
(2,80,1,2,1,0,0,2,2,0,4):null
(2,80,1,2,1,0,1,0,2,0,4):null
(2,80,1,2,1,0,1,1,2,0,4):null
(2,80,1,2,1,0,1,2,2,0,4):null
(2,80,1,2,1,0,2,0,2,0,4):null
(2,80,1,2,1,0,2,1,2,0,4):null
(2,80,1,2,1,0,2,2,2,0,4):null
(2,80,1,4,2,0,0,0,2,0,0):null
(2,80,1,4,2,0,0,0,2,0,1):null
(2,80,1,4,2,0,0,0,2,0,2):null
(2,80,1,4,2,0,0,0,2,0,3):null
(2,80,1,4,2,0,0,0,6,0,0):null
(2,80,1,4,2,0,0,0,6,0,1):null
(2,80,1,4,2,0,0,0,6,0,2):null
(2,80,1,4,2,0,0,0,6,0,3):null
(2,80,1,4,2,0,0,1,2,0,0):null
(2,80,1,4,2,0,0,1,2,0,1):null
(2,80,1,4,2,0,0,1,2,0,2):null
(2,80,1,4,2,0,0,1,2,0,3):null
(2,80,1,4,2,0,0,1,6,0,0):null
(2,80,1,4,2,0,0,1,6,0,1):null
(2,80,1,4,2,0,0,1,6,0,2):null
(2,80,1,4,2,0,0,1,6,0,3):null
(2,80,1,4,2,0,0,2,2,0,0):null
(2,80,1,4,2,0,0,2,2,0,1):null
(2,80,1,4,2,0,0,2,2,0,2):null
(2,80,1,4,2,0,0,2,2,0,3):null
(2,80,1,4,2,0,0,2,6,0,0):null
(2,80,1,4,2,0,0,2,6,0,1):null
(2,80,1,4,2,0,0,2,6,0,2):null
(2,80,1,4,2,0,0,2,6,0,3):null
(2,80,1,4,2,0,1,0,2,0,0):null
(2,80,1,4,2,0,1,0,2,0,1):null
(2,80,1,4,2,0,1,0,2,0,2):null
(2,80,1,4,2,0,1,0,2,0,3):null
(2,80,1,4,2,0,1,0,6,0,0):null
(2,80,1,4,2,0,1,0,6,0,1):null
(2,80,1,4,2,0,1,0,6,0,2):null
(2,80,1,4,2,0,1,0,6,0,3):null
(2,80,1,4,2,0,1,1,2,0,0):null
(2,80,1,4,2,0,1,1,2,0,1):null
(2,80,1,4,2,0,1,1,2,0,2):null
(2,80,1,4,2,0,1,1,2,0,3):null
(2,80,1,4,2,0,1,1,6,0,0):null
(2,80,1,4,2,0,1,1,6,0,1):null
(2,80,1,4,2,0,1,1,6,0,2):null
(2,80,1,4,2,0,1,1,6,0,3):null
(2,80,1,4,2,0,1,2,2,0,0):null
(2,80,1,4,2,0,1,2,2,0,1):null
(2,80,1,4,2,0,1,2,2,0,2):null
(2,80,1,4,2,0,1,2,2,0,3):null
(2,80,1,4,2,0,1,2,6,0,0):null
(2,80,1,4,2,0,1,2,6,0,1):null
(2,80,1,4,2,0,1,2,6,0,2):null
(2,80,1,4,2,0,1,2,6,0,3):null
(2,80,1,4,2,0,2,0,2,0,0):null
(2,80,1,4,2,0,2,0,2,0,1):null
(2,80,1,4,2,0,2,0,2,0,2):null
(2,80,1,4,2,0,2,0,2,0,3):null
(2,80,1,4,2,0,2,0,6,0,0):null
(2,80,1,4,2,0,2,0,6,0,1):null
(2,80,1,4,2,0,2,0,6,0,2):null
(2,80,1,4,2,0,2,0,6,0,3):null
(2,80,1,4,2,0,2,1,2,0,0):null
(2,80,1,4,2,0,2,1,2,0,1):null
(2,80,1,4,2,0,2,1,2,0,2):null
(2,80,1,4,2,0,2,1,2,0,3):null
(2,80,1,4,2,0,2,1,6,0,0):null
(2,80,1,4,2,0,2,1,6,0,1):null
(2,80,1,4,2,0,2,1,6,0,2):null
(2,80,1,4,2,0,2,1,6,0,3):null
(2,80,1,4,2,0,2,2,2,0,0):null
(2,80,1,4,2,0,2,2,2,0,1):null
(2,80,1,4,2,0,2,2,2,0,2):null
(2,80,1,4,2,0,2,2,2,0,3):null
(2,80,1,4,2,0,2,2,6,0,0):null
(2,80,1,4,2,0,2,2,6,0,1):null
(2,80,1,4,2,0,2,2,6,0,2):null
(2,80,1,4,2,0,2,2,6,0,3):null
(2,80,1,6,3,0,0,0,2,0,0):null
(2,80,1,6,3,0,0,0,2,0,1):null
(2,80,1,6,3,0,0,0,2,0,2):null
(2,80,1,6,3,0,0,0,2,0,3):null
(2,80,1,6,3,0,0,0,6,0,0):null
(2,80,1,6,3,0,0,0,6,0,1):null
(2,80,1,6,3,0,0,0,6,0,2):null
(2,80,1,6,3,0,0,0,6,0,3):null
(2,80,1,6,3,0,0,1,2,0,0):null
(2,80,1,6,3,0,0,1,2,0,1):null
(2,80,1,6,3,0,0,1,2,0,2):null
(2,80,1,6,3,0,0,1,2,0,3):null
(2,80,1,6,3,0,0,1,6,0,0):null
(2,80,1,6,3,0,0,1,6,0,1):null
(2,80,1,6,3,0,0,1,6,0,2):null
(2,80,1,6,3,0,0,1,6,0,3):null
(2,80,1,6,3,0,0,2,2,0,0):null
(2,80,1,6,3,0,0,2,2,0,1):null
(2,80,1,6,3,0,0,2,2,0,2):null
(2,80,1,6,3,0,0,2,2,0,3):null
(2,80,1,6,3,0,0,2,6,0,0):null
(2,80,1,6,3,0,0,2,6,0,1):null
(2,80,1,6,3,0,0,2,6,0,2):null
(2,80,1,6,3,0,0,2,6,0,3):null
(2,80,1,6,3,0,1,0,2,0,0):null
(2,80,1,6,3,0,1,0,2,0,1):null
(2,80,1,6,3,0,1,0,2,0,2):null
(2,80,1,6,3,0,1,0,2,0,3):null
(2,80,1,6,3,0,1,0,6,0,0):null
(2,80,1,6,3,0,1,0,6,0,1):null
(2,80,1,6,3,0,1,0,6,0,2):null
(2,80,1,6,3,0,1,0,6,0,3):null
(2,80,1,6,3,0,1,1,2,0,0):null
(2,80,1,6,3,0,1,1,2,0,1):null
(2,80,1,6,3,0,1,1,2,0,2):null
(2,80,1,6,3,0,1,1,2,0,3):null
(2,80,1,6,3,0,1,1,6,0,0):null
(2,80,1,6,3,0,1,1,6,0,1):null
(2,80,1,6,3,0,1,1,6,0,2):null
(2,80,1,6,3,0,1,1,6,0,3):null
(2,80,1,6,3,0,1,2,2,0,0):null
(2,80,1,6,3,0,1,2,2,0,1):null
(2,80,1,6,3,0,1,2,2,0,2):null
(2,80,1,6,3,0,1,2,2,0,3):null
(2,80,1,6,3,0,1,2,6,0,0):null
(2,80,1,6,3,0,1,2,6,0,1):null
(2,80,1,6,3,0,1,2,6,0,2):null
(2,80,1,6,3,0,1,2,6,0,3):null
(2,80,1,6,3,0,2,0,2,0,0):null
(2,80,1,6,3,0,2,0,2,0,1):null
(2,80,1,6,3,0,2,0,2,0,2):null
(2,80,1,6,3,0,2,0,2,0,3):null
(2,80,1,6,3,0,2,0,6,0,0):null
(2,80,1,6,3,0,2,0,6,0,1):null
(2,80,1,6,3,0,2,0,6,0,2):null
(2,80,1,6,3,0,2,0,6,0,3):null
(2,80,1,6,3,0,2,1,2,0,0):null
(2,80,1,6,3,0,2,1,2,0,1):null
(2,80,1,6,3,0,2,1,2,0,2):null
(2,80,1,6,3,0,2,1,2,0,3):null
(2,80,1,6,3,0,2,1,6,0,0):null
(2,80,1,6,3,0,2,1,6,0,1):null
(2,80,1,6,3,0,2,1,6,0,2):null
(2,80,1,6,3,0,2,1,6,0,3):null
(2,80,1,6,3,0,2,2,2,0,0):null
(2,80,1,6,3,0,2,2,2,0,1):null
(2,80,1,6,3,0,2,2,2,0,2):null
(2,80,1,6,3,0,2,2,2,0,3):null
(2,80,1,6,3,0,2,2,6,0,0):null
(2,80,1,6,3,0,2,2,6,0,1):null
(2,80,1,6,3,0,2,2,6,0,2):null
(2,80,1,6,3,0,2,2,6,0,3):null
(2,80,5,2,1,0,0,0,2,0,4):null
(2,80,5,2,1,0,0,0,4,0,4):null
(2,80,5,2,1,0,0,0,6,0,4):null
(2,80,5,2,1,0,0,1,2,0,4):null
(2,80,5,2,1,0,0,1,4,0,4):null
(2,80,5,2,1,0,0,1,6,0,4):null
(2,80,5,2,1,0,0,2,2,0,4):null
(2,80,5,2,1,0,0,2,4,0,4):null
(2,80,5,2,1,0,0,2,6,0,4):null
(2,80,5,2,1,0,1,0,2,0,4):null
(2,80,5,2,1,0,1,0,4,0,4):null
(2,80,5,2,1,0,1,0,6,0,4):null
(2,80,5,2,1,0,1,1,2,0,4):null
(2,80,5,2,1,0,1,1,4,0,4):null
(2,80,5,2,1,0,1,1,6,0,4):null
(2,80,5,2,1,0,1,2,2,0,4):null
(2,80,5,2,1,0,1,2,4,0,4):null
(2,80,5,2,1,0,1,2,6,0,4):null
(2,80,5,2,1,0,2,0,2,0,4):null
(2,80,5,2,1,0,2,0,4,0,4):null
(2,80,5,2,1,0,2,0,6,0,4):null
(2,80,5,2,1,0,2,1,2,0,4):null
(2,80,5,2,1,0,2,1,4,0,4):null
(2,80,5,2,1,0,2,1,6,0,4):null
(2,80,5,2,1,0,2,2,2,0,4):null
(2,80,5,2,1,0,2,2,4,0,4):null
(2,80,5,2,1,0,2,2,6,0,4):null
(2,80,5,4,2,0,0,0,2,0,0):null
(2,80,5,4,2,0,0,0,2,0,1):null
(2,80,5,4,2,0,0,0,2,0,2):null
(2,80,5,4,2,0,0,0,2,0,3):null
(2,80,5,4,2,0,0,0,4,0,0):null
(2,80,5,4,2,0,0,0,4,0,1):null
(2,80,5,4,2,0,0,0,4,0,2):null
(2,80,5,4,2,0,0,0,4,0,3):null
(2,80,5,4,2,0,0,0,6,0,0):null
(2,80,5,4,2,0,0,0,6,0,1):null
(2,80,5,4,2,0,0,0,6,0,2):null
(2,80,5,4,2,0,0,0,6,0,3):null
(2,80,5,4,2,0,0,1,2,0,0):null
(2,80,5,4,2,0,0,1,2,0,1):null
(2,80,5,4,2,0,0,1,2,0,2):null
(2,80,5,4,2,0,0,1,2,0,3):null
(2,80,5,4,2,0,0,1,4,0,0):null
(2,80,5,4,2,0,0,1,4,0,1):null
(2,80,5,4,2,0,0,1,4,0,2):null
(2,80,5,4,2,0,0,1,4,0,3):null
(2,80,5,4,2,0,0,1,6,0,0):null
(2,80,5,4,2,0,0,1,6,0,1):null
(2,80,5,4,2,0,0,1,6,0,2):null
(2,80,5,4,2,0,0,1,6,0,3):null
(2,80,5,4,2,0,0,2,2,0,0):null
(2,80,5,4,2,0,0,2,2,0,1):null
(2,80,5,4,2,0,0,2,2,0,2):null
(2,80,5,4,2,0,0,2,2,0,3):null
(2,80,5,4,2,0,0,2,4,0,0):null
(2,80,5,4,2,0,0,2,4,0,1):null
(2,80,5,4,2,0,0,2,4,0,2):null
(2,80,5,4,2,0,0,2,4,0,3):null
(2,80,5,4,2,0,0,2,6,0,0):null
(2,80,5,4,2,0,0,2,6,0,1):null
(2,80,5,4,2,0,0,2,6,0,2):null
(2,80,5,4,2,0,0,2,6,0,3):null
(2,80,5,4,2,0,1,0,2,0,0):null
(2,80,5,4,2,0,1,0,2,0,1):null
(2,80,5,4,2,0,1,0,2,0,2):null
(2,80,5,4,2,0,1,0,2,0,3):null
(2,80,5,4,2,0,1,0,4,0,0):null
(2,80,5,4,2,0,1,0,4,0,1):null
(2,80,5,4,2,0,1,0,4,0,2):null
(2,80,5,4,2,0,1,0,4,0,3):null
(2,80,5,4,2,0,1,0,6,0,0):null
(2,80,5,4,2,0,1,0,6,0,1):null
(2,80,5,4,2,0,1,0,6,0,2):null
(2,80,5,4,2,0,1,0,6,0,3):null
(2,80,5,4,2,0,1,1,2,0,0):null
(2,80,5,4,2,0,1,1,2,0,1):null
(2,80,5,4,2,0,1,1,2,0,2):null
(2,80,5,4,2,0,1,1,2,0,3):null
(2,80,5,4,2,0,1,1,4,0,0):null
(2,80,5,4,2,0,1,1,4,0,1):null
(2,80,5,4,2,0,1,1,4,0,2):null
(2,80,5,4,2,0,1,1,4,0,3):null
(2,80,5,4,2,0,1,1,6,0,0):null
(2,80,5,4,2,0,1,1,6,0,1):null
(2,80,5,4,2,0,1,1,6,0,2):null
(2,80,5,4,2,0,1,1,6,0,3):null
(2,80,5,4,2,0,1,2,2,0,0):null
(2,80,5,4,2,0,1,2,2,0,1):null
(2,80,5,4,2,0,1,2,2,0,2):null
(2,80,5,4,2,0,1,2,2,0,3):null
(2,80,5,4,2,0,1,2,4,0,0):null
(2,80,5,4,2,0,1,2,4,0,1):null
(2,80,5,4,2,0,1,2,4,0,2):null
(2,80,5,4,2,0,1,2,4,0,3):null
(2,80,5,4,2,0,1,2,6,0,0):null
(2,80,5,4,2,0,1,2,6,0,1):null
(2,80,5,4,2,0,1,2,6,0,2):null
(2,80,5,4,2,0,1,2,6,0,3):null
(2,80,5,4,2,0,2,0,2,0,0):null
(2,80,5,4,2,0,2,0,2,0,1):null
(2,80,5,4,2,0,2,0,2,0,2):null
(2,80,5,4,2,0,2,0,2,0,3):null
(2,80,5,4,2,0,2,0,4,0,0):null
(2,80,5,4,2,0,2,0,4,0,1):null
(2,80,5,4,2,0,2,0,4,0,2):null
(2,80,5,4,2,0,2,0,4,0,3):null
(2,80,5,4,2,0,2,0,6,0,0):null
(2,80,5,4,2,0,2,0,6,0,1):null
(2,80,5,4,2,0,2,0,6,0,2):null
(2,80,5,4,2,0,2,0,6,0,3):null
(2,80,5,4,2,0,2,1,2,0,0):null
(2,80,5,4,2,0,2,1,2,0,1):null
(2,80,5,4,2,0,2,1,2,0,2):null
(2,80,5,4,2,0,2,1,2,0,3):null
(2,80,5,4,2,0,2,1,4,0,0):null
(2,80,5,4,2,0,2,1,4,0,1):null
(2,80,5,4,2,0,2,1,4,0,2):null
(2,80,5,4,2,0,2,1,4,0,3):null
(2,80,5,4,2,0,2,1,6,0,0):null
(2,80,5,4,2,0,2,1,6,0,1):null
(2,80,5,4,2,0,2,1,6,0,2):null
(2,80,5,4,2,0,2,1,6,0,3):null
(2,80,5,4,2,0,2,2,2,0,0):null
(2,80,5,4,2,0,2,2,2,0,1):null
(2,80,5,4,2,0,2,2,2,0,2):null
(2,80,5,4,2,0,2,2,2,0,3):null
(2,80,5,4,2,0,2,2,4,0,0):null
(2,80,5,4,2,0,2,2,4,0,1):null
(2,80,5,4,2,0,2,2,4,0,2):null
(2,80,5,4,2,0,2,2,4,0,3):null
(2,80,5,4,2,0,2,2,6,0,0):null
(2,80,5,4,2,0,2,2,6,0,1):null
(2,80,5,4,2,0,2,2,6,0,2):null
(2,80,5,4,2,0,2,2,6,0,3):null
(2,80,5,6,3,0,0,0,2,0,0):null
(2,80,5,6,3,0,0,0,2,0,1):null
(2,80,5,6,3,0,0,0,2,0,2):null
(2,80,5,6,3,0,0,0,2,0,3):null
(2,80,5,6,3,0,0,0,4,0,0):null
(2,80,5,6,3,0,0,0,4,0,1):null
(2,80,5,6,3,0,0,0,4,0,2):null
(2,80,5,6,3,0,0,0,4,0,3):null
(2,80,5,6,3,0,0,0,6,0,0):null
(2,80,5,6,3,0,0,0,6,0,1):null
(2,80,5,6,3,0,0,0,6,0,2):null
(2,80,5,6,3,0,0,0,6,0,3):null
(2,80,5,6,3,0,0,1,2,0,0):null
(2,80,5,6,3,0,0,1,2,0,1):null
(2,80,5,6,3,0,0,1,2,0,2):null
(2,80,5,6,3,0,0,1,2,0,3):null
(2,80,5,6,3,0,0,1,4,0,0):null
(2,80,5,6,3,0,0,1,4,0,1):null
(2,80,5,6,3,0,0,1,4,0,2):null
(2,80,5,6,3,0,0,1,4,0,3):null
(2,80,5,6,3,0,0,1,6,0,0):null
(2,80,5,6,3,0,0,1,6,0,1):null
(2,80,5,6,3,0,0,1,6,0,2):null
(2,80,5,6,3,0,0,1,6,0,3):null
(2,80,5,6,3,0,0,2,2,0,0):null
(2,80,5,6,3,0,0,2,2,0,1):null
(2,80,5,6,3,0,0,2,2,0,2):null
(2,80,5,6,3,0,0,2,2,0,3):null
(2,80,5,6,3,0,0,2,4,0,0):null
(2,80,5,6,3,0,0,2,4,0,1):null
(2,80,5,6,3,0,0,2,4,0,2):null
(2,80,5,6,3,0,0,2,4,0,3):null
(2,80,5,6,3,0,0,2,6,0,0):null
(2,80,5,6,3,0,0,2,6,0,1):null
(2,80,5,6,3,0,0,2,6,0,2):null
(2,80,5,6,3,0,0,2,6,0,3):null
(2,80,5,6,3,0,1,0,2,0,0):null
(2,80,5,6,3,0,1,0,2,0,1):null
(2,80,5,6,3,0,1,0,2,0,2):null
(2,80,5,6,3,0,1,0,2,0,3):null
(2,80,5,6,3,0,1,0,4,0,0):null
(2,80,5,6,3,0,1,0,4,0,1):null
(2,80,5,6,3,0,1,0,4,0,2):null
(2,80,5,6,3,0,1,0,4,0,3):null
(2,80,5,6,3,0,1,0,6,0,0):null
(2,80,5,6,3,0,1,0,6,0,1):null
(2,80,5,6,3,0,1,0,6,0,2):null
(2,80,5,6,3,0,1,0,6,0,3):null
(2,80,5,6,3,0,1,1,2,0,0):null
(2,80,5,6,3,0,1,1,2,0,1):null
(2,80,5,6,3,0,1,1,2,0,2):null
(2,80,5,6,3,0,1,1,2,0,3):null
(2,80,5,6,3,0,1,1,4,0,0):null
(2,80,5,6,3,0,1,1,4,0,1):null
(2,80,5,6,3,0,1,1,4,0,2):null
(2,80,5,6,3,0,1,1,4,0,3):null
(2,80,5,6,3,0,1,1,6,0,0):null
(2,80,5,6,3,0,1,1,6,0,1):null
(2,80,5,6,3,0,1,1,6,0,2):null
(2,80,5,6,3,0,1,1,6,0,3):null
(2,80,5,6,3,0,1,2,2,0,0):null
(2,80,5,6,3,0,1,2,2,0,1):null
(2,80,5,6,3,0,1,2,2,0,2):null
(2,80,5,6,3,0,1,2,2,0,3):null
(2,80,5,6,3,0,1,2,4,0,0):null
(2,80,5,6,3,0,1,2,4,0,1):null
(2,80,5,6,3,0,1,2,4,0,2):null
(2,80,5,6,3,0,1,2,4,0,3):null
(2,80,5,6,3,0,1,2,6,0,0):null
(2,80,5,6,3,0,1,2,6,0,1):null
(2,80,5,6,3,0,1,2,6,0,2):null
(2,80,5,6,3,0,1,2,6,0,3):null
(2,80,5,6,3,0,2,0,2,0,0):null
(2,80,5,6,3,0,2,0,2,0,1):null
(2,80,5,6,3,0,2,0,2,0,2):null
(2,80,5,6,3,0,2,0,2,0,3):null
(2,80,5,6,3,0,2,0,4,0,0):null
(2,80,5,6,3,0,2,0,4,0,1):null
(2,80,5,6,3,0,2,0,4,0,2):null
(2,80,5,6,3,0,2,0,4,0,3):null
(2,80,5,6,3,0,2,0,6,0,0):null
(2,80,5,6,3,0,2,0,6,0,1):null
(2,80,5,6,3,0,2,0,6,0,2):null
(2,80,5,6,3,0,2,0,6,0,3):null
(2,80,5,6,3,0,2,1,2,0,0):null
(2,80,5,6,3,0,2,1,2,0,1):null
(2,80,5,6,3,0,2,1,2,0,2):null
(2,80,5,6,3,0,2,1,2,0,3):null
(2,80,5,6,3,0,2,1,4,0,0):null
(2,80,5,6,3,0,2,1,4,0,1):null
(2,80,5,6,3,0,2,1,4,0,2):null
(2,80,5,6,3,0,2,1,4,0,3):null
(2,80,5,6,3,0,2,1,6,0,0):null
(2,80,5,6,3,0,2,1,6,0,1):null
(2,80,5,6,3,0,2,1,6,0,2):null
(2,80,5,6,3,0,2,1,6,0,3):null
(2,80,5,6,3,0,2,2,2,0,0):null
(2,80,5,6,3,0,2,2,2,0,1):null
(2,80,5,6,3,0,2,2,2,0,2):null
(2,80,5,6,3,0,2,2,2,0,3):null
(2,80,5,6,3,0,2,2,4,0,0):null
(2,80,5,6,3,0,2,2,4,0,1):null
(2,80,5,6,3,0,2,2,4,0,2):null
(2,80,5,6,3,0,2,2,4,0,3):null
(2,80,5,6,3,0,2,2,6,0,0):null
(2,80,5,6,3,0,2,2,6,0,1):null
(2,80,5,6,3,0,2,2,6,0,2):null
(2,80,5,6,3,0,2,2,6,0,3):null
(2,100,0,2,1,0,0,0,2,0,1):null
(2,100,0,2,1,0,0,0,2,0,4):null
(2,100,0,4,2,0,0,0,2,0,0):null
(2,100,0,4,2,0,0,0,2,0,1):null
(2,100,0,4,2,0,0,0,2,0,2):null
(2,100,0,4,2,0,0,0,2,0,3):null
(2,100,0,4,2,0,0,1,2,0,0):null
(2,100,0,4,2,0,0,1,2,0,1):null
(2,100,0,4,2,0,0,1,2,0,2):null
(2,100,0,4,2,0,0,1,2,0,3):null
(2,100,0,4,2,0,0,1,6,0,0):null
(2,100,0,4,2,0,0,1,6,0,1):null
(2,100,0,4,2,0,0,1,6,0,2):null
(2,100,0,4,2,0,0,1,6,0,3):null
(2,100,0,4,2,0,0,2,2,0,0):null
(2,100,0,4,2,0,0,2,2,0,1):null
(2,100,0,4,2,0,0,2,2,0,2):null
(2,100,0,4,2,0,0,2,2,0,3):null
(2,100,0,4,2,0,0,2,6,0,0):null
(2,100,0,4,2,0,0,2,6,0,1):null
(2,100,0,4,2,0,0,2,6,0,2):null
(2,100,0,4,2,0,0,2,6,0,3):null
(2,100,0,4,2,0,1,2,2,0,0):null
(2,100,0,4,2,0,1,2,2,0,1):null
(2,100,0,4,2,0,1,2,2,0,2):null
(2,100,0,4,2,0,1,2,2,0,3):null
(2,100,0,4,2,0,1,2,6,0,0):null
(2,100,0,4,2,0,1,2,6,0,1):null
(2,100,0,4,2,0,1,2,6,0,2):null
(2,100,0,4,2,0,1,2,6,0,3):null
(2,100,0,4,2,0,2,2,2,0,0):null
(2,100,0,4,2,0,2,2,2,0,1):null
(2,100,0,4,2,0,2,2,2,0,2):null
(2,100,0,4,2,0,2,2,2,0,3):null
(2,100,0,4,2,0,2,2,6,0,0):null
(2,100,0,4,2,0,2,2,6,0,1):null
(2,100,0,4,2,0,2,2,6,0,2):null
(2,100,0,4,2,0,2,2,6,0,3):null
(2,100,0,6,3,0,0,0,2,0,0):null
(2,100,0,6,3,0,0,0,2,0,1):null
(2,100,0,6,3,0,0,0,2,0,2):null
(2,100,0,6,3,0,0,0,2,0,3):null
(2,100,0,6,3,0,0,1,2,0,0):null
(2,100,0,6,3,0,0,1,2,0,1):null
(2,100,0,6,3,0,0,1,2,0,2):null
(2,100,0,6,3,0,0,1,2,0,3):null
(2,100,0,6,3,0,0,1,6,0,0):null
(2,100,0,6,3,0,0,1,6,0,1):null
(2,100,0,6,3,0,0,1,6,0,2):null
(2,100,0,6,3,0,0,1,6,0,3):null
(2,100,0,6,3,0,0,2,2,0,0):null
(2,100,0,6,3,0,0,2,2,0,1):null
(2,100,0,6,3,0,0,2,2,0,2):null
(2,100,0,6,3,0,0,2,2,0,3):null
(2,100,0,6,3,0,0,2,6,0,0):null
(2,100,0,6,3,0,0,2,6,0,1):null
(2,100,0,6,3,0,0,2,6,0,2):null
(2,100,0,6,3,0,0,2,6,0,3):null
(2,100,0,6,3,0,1,2,2,0,0):null
(2,100,0,6,3,0,1,2,2,0,1):null
(2,100,0,6,3,0,1,2,2,0,2):null
(2,100,0,6,3,0,1,2,2,0,3):null
(2,100,0,6,3,0,1,2,6,0,0):null
(2,100,0,6,3,0,1,2,6,0,1):null
(2,100,0,6,3,0,1,2,6,0,2):null
(2,100,0,6,3,0,1,2,6,0,3):null
(2,100,0,6,3,0,2,2,2,0,0):null
(2,100,0,6,3,0,2,2,2,0,1):null
(2,100,0,6,3,0,2,2,2,0,2):null
(2,100,0,6,3,0,2,2,2,0,3):null
(2,100,0,6,3,0,2,2,6,0,0):null
(2,100,0,6,3,0,2,2,6,0,1):null
(2,100,0,6,3,0,2,2,6,0,2):null
(2,100,0,6,3,0,2,2,6,0,3):null
(2,100,1,2,1,0,0,0,2,0,4):null
(2,100,1,2,1,0,0,1,2,0,4):null
(2,100,1,2,1,0,0,2,2,0,4):null
(2,100,1,2,1,0,1,0,2,0,4):null
(2,100,1,2,1,0,1,1,2,0,4):null
(2,100,1,2,1,0,1,2,2,0,4):null
(2,100,1,2,1,0,2,0,2,0,4):null
(2,100,1,2,1,0,2,1,2,0,4):null
(2,100,1,2,1,0,2,2,2,0,4):null
(2,100,1,4,2,0,0,0,2,0,0):null
(2,100,1,4,2,0,0,0,2,0,1):null
(2,100,1,4,2,0,0,0,2,0,2):null
(2,100,1,4,2,0,0,0,2,0,3):null
(2,100,1,4,2,0,0,0,6,0,0):null
(2,100,1,4,2,0,0,0,6,0,1):null
(2,100,1,4,2,0,0,0,6,0,2):null
(2,100,1,4,2,0,0,0,6,0,3):null
(2,100,1,4,2,0,0,1,2,0,0):null
(2,100,1,4,2,0,0,1,2,0,1):null
(2,100,1,4,2,0,0,1,2,0,2):null
(2,100,1,4,2,0,0,1,2,0,3):null
(2,100,1,4,2,0,0,1,6,0,0):null
(2,100,1,4,2,0,0,1,6,0,1):null
(2,100,1,4,2,0,0,1,6,0,2):null
(2,100,1,4,2,0,0,1,6,0,3):null
(2,100,1,4,2,0,0,2,2,0,0):null
(2,100,1,4,2,0,0,2,2,0,1):null
(2,100,1,4,2,0,0,2,2,0,2):null
(2,100,1,4,2,0,0,2,2,0,3):null
(2,100,1,4,2,0,0,2,6,0,0):null
(2,100,1,4,2,0,0,2,6,0,1):null
(2,100,1,4,2,0,0,2,6,0,2):null
(2,100,1,4,2,0,0,2,6,0,3):null
(2,100,1,4,2,0,1,0,2,0,0):null
(2,100,1,4,2,0,1,0,2,0,1):null
(2,100,1,4,2,0,1,0,2,0,2):null
(2,100,1,4,2,0,1,0,2,0,3):null
(2,100,1,4,2,0,1,0,6,0,0):null
(2,100,1,4,2,0,1,0,6,0,1):null
(2,100,1,4,2,0,1,0,6,0,2):null
(2,100,1,4,2,0,1,0,6,0,3):null
(2,100,1,4,2,0,1,1,2,0,0):null
(2,100,1,4,2,0,1,1,2,0,1):null
(2,100,1,4,2,0,1,1,2,0,2):null
(2,100,1,4,2,0,1,1,2,0,3):null
(2,100,1,4,2,0,1,1,6,0,0):null
(2,100,1,4,2,0,1,1,6,0,1):null
(2,100,1,4,2,0,1,1,6,0,2):null
(2,100,1,4,2,0,1,1,6,0,3):null
(2,100,1,4,2,0,1,2,2,0,0):null
(2,100,1,4,2,0,1,2,2,0,1):null
(2,100,1,4,2,0,1,2,2,0,2):null
(2,100,1,4,2,0,1,2,2,0,3):null
(2,100,1,4,2,0,1,2,6,0,0):null
(2,100,1,4,2,0,1,2,6,0,1):null
(2,100,1,4,2,0,1,2,6,0,2):null
(2,100,1,4,2,0,1,2,6,0,3):null
(2,100,1,4,2,0,2,0,2,0,0):null
(2,100,1,4,2,0,2,0,2,0,1):null
(2,100,1,4,2,0,2,0,2,0,2):null
(2,100,1,4,2,0,2,0,2,0,3):null
(2,100,1,4,2,0,2,0,6,0,0):null
(2,100,1,4,2,0,2,0,6,0,1):null
(2,100,1,4,2,0,2,0,6,0,2):null
(2,100,1,4,2,0,2,0,6,0,3):null
(2,100,1,4,2,0,2,1,2,0,0):null
(2,100,1,4,2,0,2,1,2,0,1):null
(2,100,1,4,2,0,2,1,2,0,2):null
(2,100,1,4,2,0,2,1,2,0,3):null
(2,100,1,4,2,0,2,1,6,0,0):null
(2,100,1,4,2,0,2,1,6,0,1):null
(2,100,1,4,2,0,2,1,6,0,2):null
(2,100,1,4,2,0,2,1,6,0,3):null
(2,100,1,4,2,0,2,2,2,0,0):null
(2,100,1,4,2,0,2,2,2,0,1):null
(2,100,1,4,2,0,2,2,2,0,2):null
(2,100,1,4,2,0,2,2,2,0,3):null
(2,100,1,4,2,0,2,2,6,0,0):null
(2,100,1,4,2,0,2,2,6,0,1):null
(2,100,1,4,2,0,2,2,6,0,2):null
(2,100,1,4,2,0,2,2,6,0,3):null
(2,100,1,6,3,0,0,0,2,0,0):null
(2,100,1,6,3,0,0,0,2,0,1):null
(2,100,1,6,3,0,0,0,2,0,2):null
(2,100,1,6,3,0,0,0,2,0,3):null
(2,100,1,6,3,0,0,0,6,0,0):null
(2,100,1,6,3,0,0,0,6,0,1):null
(2,100,1,6,3,0,0,0,6,0,2):null
(2,100,1,6,3,0,0,0,6,0,3):null
(2,100,1,6,3,0,0,1,2,0,0):null
(2,100,1,6,3,0,0,1,2,0,1):null
(2,100,1,6,3,0,0,1,2,0,2):null
(2,100,1,6,3,0,0,1,2,0,3):null
(2,100,1,6,3,0,0,1,6,0,0):null
(2,100,1,6,3,0,0,1,6,0,1):null
(2,100,1,6,3,0,0,1,6,0,2):null
(2,100,1,6,3,0,0,1,6,0,3):null
(2,100,1,6,3,0,0,2,2,0,0):null
(2,100,1,6,3,0,0,2,2,0,1):null
(2,100,1,6,3,0,0,2,2,0,2):null
(2,100,1,6,3,0,0,2,2,0,3):null
(2,100,1,6,3,0,0,2,6,0,0):null
(2,100,1,6,3,0,0,2,6,0,1):null
(2,100,1,6,3,0,0,2,6,0,2):null
(2,100,1,6,3,0,0,2,6,0,3):null
(2,100,1,6,3,0,1,0,2,0,0):null
(2,100,1,6,3,0,1,0,2,0,1):null
(2,100,1,6,3,0,1,0,2,0,2):null
(2,100,1,6,3,0,1,0,2,0,3):null
(2,100,1,6,3,0,1,0,6,0,0):null
(2,100,1,6,3,0,1,0,6,0,1):null
(2,100,1,6,3,0,1,0,6,0,2):null
(2,100,1,6,3,0,1,0,6,0,3):null
(2,100,1,6,3,0,1,1,2,0,0):null
(2,100,1,6,3,0,1,1,2,0,1):null
(2,100,1,6,3,0,1,1,2,0,2):null
(2,100,1,6,3,0,1,1,2,0,3):null
(2,100,1,6,3,0,1,1,6,0,0):null
(2,100,1,6,3,0,1,1,6,0,1):null
(2,100,1,6,3,0,1,1,6,0,2):null
(2,100,1,6,3,0,1,1,6,0,3):null
(2,100,1,6,3,0,1,2,2,0,0):null
(2,100,1,6,3,0,1,2,2,0,1):null
(2,100,1,6,3,0,1,2,2,0,2):null
(2,100,1,6,3,0,1,2,2,0,3):null
(2,100,1,6,3,0,1,2,6,0,0):null
(2,100,1,6,3,0,1,2,6,0,1):null
(2,100,1,6,3,0,1,2,6,0,2):null
(2,100,1,6,3,0,1,2,6,0,3):null
(2,100,1,6,3,0,2,0,2,0,0):null
(2,100,1,6,3,0,2,0,2,0,1):null
(2,100,1,6,3,0,2,0,2,0,2):null
(2,100,1,6,3,0,2,0,2,0,3):null
(2,100,1,6,3,0,2,0,6,0,0):null
(2,100,1,6,3,0,2,0,6,0,1):null
(2,100,1,6,3,0,2,0,6,0,2):null
(2,100,1,6,3,0,2,0,6,0,3):null
(2,100,1,6,3,0,2,1,2,0,0):null
(2,100,1,6,3,0,2,1,2,0,1):null
(2,100,1,6,3,0,2,1,2,0,2):null
(2,100,1,6,3,0,2,1,2,0,3):null
(2,100,1,6,3,0,2,1,6,0,0):null
(2,100,1,6,3,0,2,1,6,0,1):null
(2,100,1,6,3,0,2,1,6,0,2):null
(2,100,1,6,3,0,2,1,6,0,3):null
(2,100,1,6,3,0,2,2,2,0,0):null
(2,100,1,6,3,0,2,2,2,0,1):null
(2,100,1,6,3,0,2,2,2,0,2):null
(2,100,1,6,3,0,2,2,2,0,3):null
(2,100,1,6,3,0,2,2,6,0,0):null
(2,100,1,6,3,0,2,2,6,0,1):null
(2,100,1,6,3,0,2,2,6,0,2):null
(2,100,1,6,3,0,2,2,6,0,3):null
(2,100,5,2,1,0,0,0,2,0,4):null
(2,100,5,2,1,0,0,0,4,0,4):null
(2,100,5,2,1,0,0,0,6,0,4):null
(2,100,5,2,1,0,0,1,2,0,4):null
(2,100,5,2,1,0,0,1,4,0,4):null
(2,100,5,2,1,0,0,1,6,0,4):null
(2,100,5,2,1,0,0,2,2,0,4):null
(2,100,5,2,1,0,0,2,4,0,4):null
(2,100,5,2,1,0,0,2,6,0,4):null
(2,100,5,2,1,0,1,0,2,0,4):null
(2,100,5,2,1,0,1,0,4,0,4):null
(2,100,5,2,1,0,1,0,6,0,4):null
(2,100,5,2,1,0,1,1,2,0,4):null
(2,100,5,2,1,0,1,1,4,0,4):null
(2,100,5,2,1,0,1,1,6,0,4):null
(2,100,5,2,1,0,1,2,2,0,4):null
(2,100,5,2,1,0,1,2,4,0,4):null
(2,100,5,2,1,0,1,2,6,0,4):null
(2,100,5,2,1,0,2,0,2,0,4):null
(2,100,5,2,1,0,2,0,4,0,4):null
(2,100,5,2,1,0,2,0,6,0,4):null
(2,100,5,2,1,0,2,1,2,0,4):null
(2,100,5,2,1,0,2,1,4,0,4):null
(2,100,5,2,1,0,2,1,6,0,4):null
(2,100,5,2,1,0,2,2,2,0,4):null
(2,100,5,2,1,0,2,2,4,0,4):null
(2,100,5,2,1,0,2,2,6,0,4):null
(2,100,5,4,2,0,0,0,2,0,0):null
(2,100,5,4,2,0,0,0,2,0,1):null
(2,100,5,4,2,0,0,0,2,0,2):null
(2,100,5,4,2,0,0,0,2,0,3):null
(2,100,5,4,2,0,0,0,4,0,0):null
(2,100,5,4,2,0,0,0,4,0,1):null
(2,100,5,4,2,0,0,0,4,0,2):null
(2,100,5,4,2,0,0,0,4,0,3):null
(2,100,5,4,2,0,0,0,6,0,0):null
(2,100,5,4,2,0,0,0,6,0,1):null
(2,100,5,4,2,0,0,0,6,0,2):null
(2,100,5,4,2,0,0,0,6,0,3):null
(2,100,5,4,2,0,0,1,2,0,0):null
(2,100,5,4,2,0,0,1,2,0,1):null
(2,100,5,4,2,0,0,1,2,0,2):null
(2,100,5,4,2,0,0,1,2,0,3):null
(2,100,5,4,2,0,0,1,4,0,0):null
(2,100,5,4,2,0,0,1,4,0,1):null
(2,100,5,4,2,0,0,1,4,0,2):null
(2,100,5,4,2,0,0,1,4,0,3):null
(2,100,5,4,2,0,0,1,6,0,0):null
(2,100,5,4,2,0,0,1,6,0,1):null
(2,100,5,4,2,0,0,1,6,0,2):null
(2,100,5,4,2,0,0,1,6,0,3):null
(2,100,5,4,2,0,0,2,2,0,0):null
(2,100,5,4,2,0,0,2,2,0,1):null
(2,100,5,4,2,0,0,2,2,0,2):null
(2,100,5,4,2,0,0,2,2,0,3):null
(2,100,5,4,2,0,0,2,4,0,0):null
(2,100,5,4,2,0,0,2,4,0,1):null
(2,100,5,4,2,0,0,2,4,0,2):null
(2,100,5,4,2,0,0,2,4,0,3):null
(2,100,5,4,2,0,0,2,6,0,0):null
(2,100,5,4,2,0,0,2,6,0,1):null
(2,100,5,4,2,0,0,2,6,0,2):null
(2,100,5,4,2,0,0,2,6,0,3):null
(2,100,5,4,2,0,1,0,2,0,0):null
(2,100,5,4,2,0,1,0,2,0,1):null
(2,100,5,4,2,0,1,0,2,0,2):null
(2,100,5,4,2,0,1,0,2,0,3):null
(2,100,5,4,2,0,1,0,4,0,0):null
(2,100,5,4,2,0,1,0,4,0,1):null
(2,100,5,4,2,0,1,0,4,0,2):null
(2,100,5,4,2,0,1,0,4,0,3):null
(2,100,5,4,2,0,1,0,6,0,0):null
(2,100,5,4,2,0,1,0,6,0,1):null
(2,100,5,4,2,0,1,0,6,0,2):null
(2,100,5,4,2,0,1,0,6,0,3):null
(2,100,5,4,2,0,1,1,2,0,0):null
(2,100,5,4,2,0,1,1,2,0,1):null
(2,100,5,4,2,0,1,1,2,0,2):null
(2,100,5,4,2,0,1,1,2,0,3):null
(2,100,5,4,2,0,1,1,4,0,0):null
(2,100,5,4,2,0,1,1,4,0,1):null
(2,100,5,4,2,0,1,1,4,0,2):null
(2,100,5,4,2,0,1,1,4,0,3):null
(2,100,5,4,2,0,1,1,6,0,0):null
(2,100,5,4,2,0,1,1,6,0,1):null
(2,100,5,4,2,0,1,1,6,0,2):null
(2,100,5,4,2,0,1,1,6,0,3):null
(2,100,5,4,2,0,1,2,2,0,0):null
(2,100,5,4,2,0,1,2,2,0,1):null
(2,100,5,4,2,0,1,2,2,0,2):null
(2,100,5,4,2,0,1,2,2,0,3):null
(2,100,5,4,2,0,1,2,4,0,0):null
(2,100,5,4,2,0,1,2,4,0,1):null
(2,100,5,4,2,0,1,2,4,0,2):null
(2,100,5,4,2,0,1,2,4,0,3):null
(2,100,5,4,2,0,1,2,6,0,0):null
(2,100,5,4,2,0,1,2,6,0,1):null
(2,100,5,4,2,0,1,2,6,0,2):null
(2,100,5,4,2,0,1,2,6,0,3):null
(2,100,5,4,2,0,2,0,2,0,0):null
(2,100,5,4,2,0,2,0,2,0,1):null
(2,100,5,4,2,0,2,0,2,0,2):null
(2,100,5,4,2,0,2,0,2,0,3):null
(2,100,5,4,2,0,2,0,4,0,0):null
(2,100,5,4,2,0,2,0,4,0,1):null
(2,100,5,4,2,0,2,0,4,0,2):null
(2,100,5,4,2,0,2,0,4,0,3):null
(2,100,5,4,2,0,2,0,6,0,0):null
(2,100,5,4,2,0,2,0,6,0,1):null
(2,100,5,4,2,0,2,0,6,0,2):null
(2,100,5,4,2,0,2,0,6,0,3):null
(2,100,5,4,2,0,2,1,2,0,0):null
(2,100,5,4,2,0,2,1,2,0,1):null
(2,100,5,4,2,0,2,1,2,0,2):null
(2,100,5,4,2,0,2,1,2,0,3):null
(2,100,5,4,2,0,2,1,4,0,0):null
(2,100,5,4,2,0,2,1,4,0,1):null
(2,100,5,4,2,0,2,1,4,0,2):null
(2,100,5,4,2,0,2,1,4,0,3):null
(2,100,5,4,2,0,2,1,6,0,0):null
(2,100,5,4,2,0,2,1,6,0,1):null
(2,100,5,4,2,0,2,1,6,0,2):null
(2,100,5,4,2,0,2,1,6,0,3):null
(2,100,5,4,2,0,2,2,2,0,0):null
(2,100,5,4,2,0,2,2,2,0,1):null
(2,100,5,4,2,0,2,2,2,0,2):null
(2,100,5,4,2,0,2,2,2,0,3):null
(2,100,5,4,2,0,2,2,4,0,0):null
(2,100,5,4,2,0,2,2,4,0,1):null
(2,100,5,4,2,0,2,2,4,0,2):null
(2,100,5,4,2,0,2,2,4,0,3):null
(2,100,5,4,2,0,2,2,6,0,0):null
(2,100,5,4,2,0,2,2,6,0,1):null
(2,100,5,4,2,0,2,2,6,0,2):null
(2,100,5,4,2,0,2,2,6,0,3):null
(2,100,5,6,3,0,0,0,2,0,0):null
(2,100,5,6,3,0,0,0,2,0,1):null
(2,100,5,6,3,0,0,0,2,0,2):null
(2,100,5,6,3,0,0,0,2,0,3):null
(2,100,5,6,3,0,0,0,4,0,0):null
(2,100,5,6,3,0,0,0,4,0,1):null
(2,100,5,6,3,0,0,0,4,0,2):null
(2,100,5,6,3,0,0,0,4,0,3):null
(2,100,5,6,3,0,0,0,6,0,0):null
(2,100,5,6,3,0,0,0,6,0,1):null
(2,100,5,6,3,0,0,0,6,0,2):null
(2,100,5,6,3,0,0,0,6,0,3):null
(2,100,5,6,3,0,0,1,2,0,0):null
(2,100,5,6,3,0,0,1,2,0,1):null
(2,100,5,6,3,0,0,1,2,0,2):null
(2,100,5,6,3,0,0,1,2,0,3):null
(2,100,5,6,3,0,0,1,4,0,0):null
(2,100,5,6,3,0,0,1,4,0,1):null
(2,100,5,6,3,0,0,1,4,0,2):null
(2,100,5,6,3,0,0,1,4,0,3):null
(2,100,5,6,3,0,0,1,6,0,0):null
(2,100,5,6,3,0,0,1,6,0,1):null
(2,100,5,6,3,0,0,1,6,0,2):null
(2,100,5,6,3,0,0,1,6,0,3):null
(2,100,5,6,3,0,0,2,2,0,0):null
(2,100,5,6,3,0,0,2,2,0,1):null
(2,100,5,6,3,0,0,2,2,0,2):null
(2,100,5,6,3,0,0,2,2,0,3):null
(2,100,5,6,3,0,0,2,4,0,0):null
(2,100,5,6,3,0,0,2,4,0,1):null
(2,100,5,6,3,0,0,2,4,0,2):null
(2,100,5,6,3,0,0,2,4,0,3):null
(2,100,5,6,3,0,0,2,6,0,0):null
(2,100,5,6,3,0,0,2,6,0,1):null
(2,100,5,6,3,0,0,2,6,0,2):null
(2,100,5,6,3,0,0,2,6,0,3):null
(2,100,5,6,3,0,1,0,2,0,0):null
(2,100,5,6,3,0,1,0,2,0,1):null
(2,100,5,6,3,0,1,0,2,0,2):null
(2,100,5,6,3,0,1,0,2,0,3):null
(2,100,5,6,3,0,1,0,4,0,0):null
(2,100,5,6,3,0,1,0,4,0,1):null
(2,100,5,6,3,0,1,0,4,0,2):null
(2,100,5,6,3,0,1,0,4,0,3):null
(2,100,5,6,3,0,1,0,6,0,0):null
(2,100,5,6,3,0,1,0,6,0,1):null
(2,100,5,6,3,0,1,0,6,0,2):null
(2,100,5,6,3,0,1,0,6,0,3):null
(2,100,5,6,3,0,1,1,2,0,0):null
(2,100,5,6,3,0,1,1,2,0,1):null
(2,100,5,6,3,0,1,1,2,0,2):null
(2,100,5,6,3,0,1,1,2,0,3):null
(2,100,5,6,3,0,1,1,4,0,0):null
(2,100,5,6,3,0,1,1,4,0,1):null
(2,100,5,6,3,0,1,1,4,0,2):null
(2,100,5,6,3,0,1,1,4,0,3):null
(2,100,5,6,3,0,1,1,6,0,0):null
(2,100,5,6,3,0,1,1,6,0,1):null
(2,100,5,6,3,0,1,1,6,0,2):null
(2,100,5,6,3,0,1,1,6,0,3):null
(2,100,5,6,3,0,1,2,2,0,0):null
(2,100,5,6,3,0,1,2,2,0,1):null
(2,100,5,6,3,0,1,2,2,0,2):null
(2,100,5,6,3,0,1,2,2,0,3):null
(2,100,5,6,3,0,1,2,4,0,0):null
(2,100,5,6,3,0,1,2,4,0,1):null
(2,100,5,6,3,0,1,2,4,0,2):null
(2,100,5,6,3,0,1,2,4,0,3):null
(2,100,5,6,3,0,1,2,6,0,0):null
(2,100,5,6,3,0,1,2,6,0,1):null
(2,100,5,6,3,0,1,2,6,0,2):null
(2,100,5,6,3,0,1,2,6,0,3):null
(2,100,5,6,3,0,2,0,2,0,0):null
(2,100,5,6,3,0,2,0,2,0,1):null
(2,100,5,6,3,0,2,0,2,0,2):null
(2,100,5,6,3,0,2,0,2,0,3):null
(2,100,5,6,3,0,2,0,4,0,0):null
(2,100,5,6,3,0,2,0,4,0,1):null
(2,100,5,6,3,0,2,0,4,0,2):null
(2,100,5,6,3,0,2,0,4,0,3):null
(2,100,5,6,3,0,2,0,6,0,0):null
(2,100,5,6,3,0,2,0,6,0,1):null
(2,100,5,6,3,0,2,0,6,0,2):null
(2,100,5,6,3,0,2,0,6,0,3):null
(2,100,5,6,3,0,2,1,2,0,0):null
(2,100,5,6,3,0,2,1,2,0,1):null
(2,100,5,6,3,0,2,1,2,0,2):null
(2,100,5,6,3,0,2,1,2,0,3):null
(2,100,5,6,3,0,2,1,4,0,0):null
(2,100,5,6,3,0,2,1,4,0,1):null
(2,100,5,6,3,0,2,1,4,0,2):null
(2,100,5,6,3,0,2,1,4,0,3):null
(2,100,5,6,3,0,2,1,6,0,0):null
(2,100,5,6,3,0,2,1,6,0,1):null
(2,100,5,6,3,0,2,1,6,0,2):null
(2,100,5,6,3,0,2,1,6,0,3):null
(2,100,5,6,3,0,2,2,2,0,0):null
(2,100,5,6,3,0,2,2,2,0,1):null
(2,100,5,6,3,0,2,2,2,0,2):null
(2,100,5,6,3,0,2,2,2,0,3):null
(2,100,5,6,3,0,2,2,4,0,0):null
(2,100,5,6,3,0,2,2,4,0,1):null
(2,100,5,6,3,0,2,2,4,0,2):null
(2,100,5,6,3,0,2,2,4,0,3):null
(2,100,5,6,3,0,2,2,6,0,0):null
(2,100,5,6,3,0,2,2,6,0,1):null
(2,100,5,6,3,0,2,2,6,0,2):null
(2,100,5,6,3,0,2,2,6,0,3):null
